,dow,Season,Total,dowsat,dowsun,dowmon,dowtue,dowwed,dowthu,dowfri,aj1,aj2,aj3,aj4,f1,f2,f3,f4,m1,m2,m3,m4
0,Sat,aj1,548.9715,1,0,0,0,0,0,0,1,0,0,0,0,0,0,0,0,0,0,0
1,Fri,m1,80.22,0,0,0,0,0,0,1,0,0,0,0,0,0,0,0,1,0,0,0
2,Sun,m1,340.5255,0,1,0,0,0,0,0,0,0,0,0,0,0,0,0,1,0,0,0
3,Sun,aj4,489.048,0,1,0,0,0,0,0,0,0,0,1,0,0,0,0,0,0,0,0
4,Fri,f2,634.3785,0,0,0,0,0,0,1,0,0,0,0,0,1,0,0,0,0,0,0
5,Mon,m4,627.6165,0,0,1,0,0,0,0,0,0,0,0,0,0,0,0,0,0,0,1
6,Mon,f4,433.692,0,0,1,0,0,0,0,0,0,0,0,0,0,0,1,0,0,0,0
7,Sun,f4,772.38,0,1,0,0,0,0,0,0,0,0,0,0,0,0,1,0,0,0,0
8,Thu,aj2,76.146,0,0,0,0,0,1,0,0,1,0,0,0,0,0,0,0,0,0,0
9,Wed,f3,172.746,0,0,0,0,1,0,0,0,0,0,0,0,0,1,0,0,0,0,0
10,Wed,f1,60.816,0,0,0,0,1,0,0,0,0,0,0,1,0,0,0,0,0,0,0
11,Sat,m2,107.142,1,0,0,0,0,0,0,0,0,0,0,0,0,0,0,0,1,0,0
12,Tue,f2,246.4875,0,0,0,1,0,0,0,0,0,0,0,0,1,0,0,0,0,0,0
13,Thu,f1,453.495,0,0,0,0,0,1,0,0,0,0,0,1,0,0,0,0,0,0,0
14,Fri,m4,749.49,0,0,0,0,0,0,1,0,0,0,0,0,0,0,0,0,0,0,1
15,Tue,aj2,590.436,0,0,0,1,0,0,0,0,1,0,0,0,0,0,0,0,0,0,0
16,Mon,m2,506.6355,0,0,1,0,0,0,0,0,0,0,0,0,0,0,0,0,1,0,0
17,Tue,m2,457.443,0,0,0,1,0,0,0,0,0,0,0,0,0,0,0,0,1,0,0
18,Mon,aj3,172.2105,0,0,1,0,0,0,0,0,0,1,0,0,0,0,0,0,0,0,0
19,Mon,m2,84.63,0,0,1,0,0,0,0,0,0,0,0,0,0,0,0,0,1,0,0
20,Mon,f4,451.71,0,0,1,0,0,0,0,0,0,0,0,0,0,0,1,0,0,0,0
21,Tue,m1,277.137,0,0,0,1,0,0,0,0,0,0,0,0,0,0,0,1,0,0,0
22,Fri,m2,69.72,0,0,0,0,0,0,1,0,0,0,0,0,0,0,0,0,1,0,0
23,Sun,f3,181.44,0,1,0,0,0,0,0,0,0,0,0,0,0,1,0,0,0,0,0
24,Sat,m1,279.1845,1,0,0,0,0,0,0,0,0,0,0,0,0,0,0,1,0,0,0
25,Fri,m3,441.756,0,0,0,0,0,0,1,0,0,0,0,0,0,0,0,0,0,1,0
26,Fri,f2,35.196,0,0,0,0,0,0,1,0,0,0,0,0,1,0,0,0,0,0,0
27,Sun,m2,184.107,0,1,0,0,0,0,0,0,0,0,0,0,0,0,0,0,1,0,0
28,Fri,aj4,463.89,0,0,0,0,0,0,1,0,0,0,1,0,0,0,0,0,0,0,0
29,Fri,m2,235.2105,0,0,0,0,0,0,1,0,0,0,0,0,0,0,0,0,1,0,0
30,Mon,f4,494.1825,0,0,1,0,0,0,0,0,0,0,0,0,0,0,1,0,0,0,0
31,Mon,aj4,737.7615,0,0,1,0,0,0,0,0,0,0,1,0,0,0,0,0,0,0,0
32,Thu,aj2,703.752,0,0,0,0,0,1,0,0,1,0,0,0,0,0,0,0,0,0,0
33,Fri,m2,202.818,0,0,0,0,0,0,1,0,0,0,0,0,0,0,0,0,1,0,0
34,Wed,f1,417.564,0,0,0,0,1,0,0,0,0,0,0,1,0,0,0,0,0,0,0
35,Mon,aj1,71.526,0,0,1,0,0,0,0,1,0,0,0,0,0,0,0,0,0,0,0
36,Sun,m2,328.755,0,1,0,0,0,0,0,0,0,0,0,0,0,0,0,0,1,0,0
37,Tue,aj2,575.316,0,0,0,1,0,0,0,0,1,0,0,0,0,0,0,0,0,0,0
38,Sat,m3,461.328,1,0,0,0,0,0,0,0,0,0,0,0,0,0,0,0,0,1,0
39,Sun,m1,253.008,0,1,0,0,0,0,0,0,0,0,0,0,0,0,0,1,0,0,0
40,Thu,aj3,91.056,0,0,0,0,0,1,0,0,0,1,0,0,0,0,0,0,0,0,0
41,Sat,f1,117.831,1,0,0,0,0,0,0,0,0,0,0,1,0,0,0,0,0,0,0
42,Fri,f2,435.456,0,0,0,0,0,0,1,0,0,0,0,0,1,0,0,0,0,0,0
43,Mon,m1,829.08,0,0,1,0,0,0,0,0,0,0,0,0,0,0,0,1,0,0,0
44,Sat,m2,32.277,1,0,0,0,0,0,0,0,0,0,0,0,0,0,0,0,1,0,0
45,Sat,m2,394.632,1,0,0,0,0,0,0,0,0,0,0,0,0,0,0,0,1,0,0
46,Wed,f4,535.7205,0,0,0,0,1,0,0,0,0,0,0,0,0,0,1,0,0,0,0
47,Wed,f1,189.0945,0,0,0,0,1,0,0,0,0,0,0,1,0,0,0,0,0,0,0
48,Sun,f2,119.259,0,1,0,0,0,0,0,0,0,0,0,0,1,0,0,0,0,0,0
49,Tue,m3,867.615,0,0,0,1,0,0,0,0,0,0,0,0,0,0,0,0,0,1,0
50,Sun,f1,671.79,0,1,0,0,0,0,0,0,0,0,0,1,0,0,0,0,0,0,0
51,Sun,f2,234.0975,0,1,0,0,0,0,0,0,0,0,0,0,1,0,0,0,0,0,0
52,Fri,m3,75.054,0,0,0,0,0,0,1,0,0,0,0,0,0,0,0,0,0,1,0
53,Fri,aj4,16.2015,0,0,0,0,0,0,1,0,0,0,1,0,0,0,0,0,0,0,0
54,Thu,m1,33.936,0,0,0,0,0,1,0,0,0,0,0,0,0,0,0,1,0,0,0
55,Thu,f4,722.232,0,0,0,0,0,1,0,0,0,0,0,0,0,0,1,0,0,0,0
56,Wed,m4,93.114,0,0,0,0,1,0,0,0,0,0,0,0,0,0,0,0,0,0,1
57,Thu,f1,752.64,0,0,0,0,0,1,0,0,0,0,0,1,0,0,0,0,0,0,0
58,Sun,aj3,759.675,0,1,0,0,0,0,0,0,0,1,0,0,0,0,0,0,0,0,0
59,Tue,m2,192.843,0,0,0,1,0,0,0,0,0,0,0,0,0,0,0,0,1,0,0
60,Fri,f3,77.931,0,0,0,0,0,0,1,0,0,0,0,0,0,1,0,0,0,0,0
61,Sun,f4,351.099,0,1,0,0,0,0,0,0,0,0,0,0,0,0,1,0,0,0,0
62,Sun,f1,520.4115,0,1,0,0,0,0,0,0,0,0,0,1,0,0,0,0,0,0,0
63,Wed,m1,166.005,0,0,0,0,1,0,0,0,0,0,0,0,0,0,0,1,0,0,0
64,Thu,f2,318.108,0,0,0,0,0,1,0,0,0,0,0,0,1,0,0,0,0,0,0
65,Wed,m2,166.635,0,0,0,0,1,0,0,0,0,0,0,0,0,0,0,0,1,0,0
66,Sun,f2,70.287,0,1,0,0,0,0,0,0,0,0,0,0,1,0,0,0,0,0,0
67,Mon,aj1,614.943,0,0,1,0,0,0,0,1,0,0,0,0,0,0,0,0,0,0,0
68,Thu,aj4,827.085,0,0,0,0,0,1,0,0,0,0,1,0,0,0,0,0,0,0,0
69,Sat,f1,19.2465,1,0,0,0,0,0,0,0,0,0,0,1,0,0,0,0,0,0,0
70,Sun,aj1,939.54,0,1,0,0,0,0,0,1,0,0,0,0,0,0,0,0,0,0,0
71,Mon,f2,652.26,0,0,1,0,0,0,0,0,0,0,0,0,1,0,0,0,0,0,0
72,Tue,m1,152.838,0,0,0,1,0,0,0,0,0,0,0,0,0,0,0,1,0,0,0
73,Sat,m2,478.233,1,0,0,0,0,0,0,0,0,0,0,0,0,0,0,0,1,0,0
74,Tue,aj3,705.6315,0,0,0,1,0,0,0,0,0,1,0,0,0,0,0,0,0,0,0
75,Sun,aj2,437.325,0,1,0,0,0,0,0,0,1,0,0,0,0,0,0,0,0,0,0
76,Wed,aj2,463.428,0,0,0,0,1,0,0,0,1,0,0,0,0,0,0,0,0,0,0
77,Sat,aj2,189.0945,1,0,0,0,0,0,0,0,1,0,0,0,0,0,0,0,0,0,0
78,Tue,m1,822.255,0,0,0,1,0,0,0,0,0,0,0,0,0,0,0,1,0,0,0
79,Tue,aj3,106.995,0,0,0,1,0,0,0,0,0,1,0,0,0,0,0,0,0,0,0
80,Mon,aj3,624.897,0,0,1,0,0,0,0,0,0,1,0,0,0,0,0,0,0,0,0
81,Sat,aj4,304.542,1,0,0,0,0,0,0,0,0,0,1,0,0,0,0,0,0,0,0
82,Wed,aj3,161.7,0,0,0,0,1,0,0,0,0,1,0,0,0,0,0,0,0,0,0
83,Sat,f4,337.512,1,0,0,0,0,0,0,0,0,0,0,0,0,0,1,0,0,0,0
84,Sat,m2,256.7775,1,0,0,0,0,0,0,0,0,0,0,0,0,0,0,0,1,0,0
85,Tue,m1,610.491,0,0,0,1,0,0,0,0,0,0,0,0,0,0,0,1,0,0,0
86,Mon,m4,401.73,0,0,1,0,0,0,0,0,0,0,0,0,0,0,0,0,0,0,1
87,Wed,m4,362.943,0,0,0,0,1,0,0,0,0,0,0,0,0,0,0,0,0,0,1
88,Wed,aj1,44.5935,0,0,0,0,1,0,0,1,0,0,0,0,0,0,0,0,0,0,0
89,Wed,f4,485.037,0,0,0,0,1,0,0,0,0,0,0,0,0,0,1,0,0,0,0
90,Wed,aj3,198.996,0,0,0,0,1,0,0,0,0,1,0,0,0,0,0,0,0,0,0
91,Sat,aj4,471.03,1,0,0,0,0,0,0,0,0,0,1,0,0,0,0,0,0,0,0
92,Thu,aj2,161.553,0,0,0,0,0,1,0,0,1,0,0,0,0,0,0,0,0,0,0
93,Tue,m2,608.202,0,0,0,1,0,0,0,0,0,0,0,0,0,0,0,0,1,0,0
94,Wed,f1,94.2375,0,0,0,0,1,0,0,0,0,0,0,1,0,0,0,0,0,0,0
95,Fri,m1,102.018,0,0,0,0,0,0,1,0,0,0,0,0,0,0,0,1,0,0,0
96,Fri,m4,922.635,0,0,0,0,0,0,1,0,0,0,0,0,0,0,0,0,0,0,1
97,Sat,f2,78.435,1,0,0,0,0,0,0,0,0,0,0,0,1,0,0,0,0,0,0
98,Sat,m3,166.1625,1,0,0,0,0,0,0,0,0,0,0,0,0,0,0,0,0,1,0
99,Tue,m1,521.01,0,0,0,1,0,0,0,0,0,0,0,0,0,0,0,1,0,0,0
100,Tue,m4,51.1455,0,0,0,1,0,0,0,0,0,0,0,0,0,0,0,0,0,0,1
101,Fri,m1,742.2975,0,0,0,0,0,0,1,0,0,0,0,0,0,0,0,1,0,0,0
102,Fri,m1,218.0115,0,0,0,0,0,0,1,0,0,0,0,0,0,0,0,1,0,0,0
103,Thu,m4,367.038,0,0,0,0,0,1,0,0,0,0,0,0,0,0,0,0,0,0,1
104,Tue,m3,223.0725,0,0,0,1,0,0,0,0,0,0,0,0,0,0,0,0,0,1,0
105,Sat,aj2,931.035,1,0,0,0,0,0,0,0,1,0,0,0,0,0,0,0,0,0,0
106,Sat,aj1,172.494,1,0,0,0,0,0,0,1,0,0,0,0,0,0,0,0,0,0,0
107,Fri,m3,391.419,0,0,0,0,0,0,1,0,0,0,0,0,0,0,0,0,0,1,0
108,Sun,m4,321.111,0,1,0,0,0,0,0,0,0,0,0,0,0,0,0,0,0,0,1
109,Sun,m1,860.685,0,1,0,0,0,0,0,0,0,0,0,0,0,0,0,1,0,0,0
110,Tue,f1,34.629,0,0,0,1,0,0,0,0,0,0,0,1,0,0,0,0,0,0,0
111,Tue,f1,309.3615,0,0,0,1,0,0,0,0,0,0,0,1,0,0,0,0,0,0,0
112,Fri,f3,535.374,0,0,0,0,0,0,1,0,0,0,0,0,0,1,0,0,0,0,0
113,Sat,aj3,548.7615,1,0,0,0,0,0,0,0,0,1,0,0,0,0,0,0,0,0,0
114,Fri,aj3,763.4655,0,0,0,0,0,0,1,0,0,1,0,0,0,0,0,0,0,0,0
115,Sat,m1,85.113,1,0,0,0,0,0,0,0,0,0,0,0,0,0,0,1,0,0,0
116,Tue,m1,115.185,0,0,0,1,0,0,0,0,0,0,0,0,0,0,0,1,0,0,0
117,Wed,aj2,53.928,0,0,0,0,1,0,0,0,1,0,0,0,0,0,0,0,0,0,0
118,Sat,f1,115.08,1,0,0,0,0,0,0,0,0,0,0,1,0,0,0,0,0,0,0
119,Sun,aj3,112.224,0,1,0,0,0,0,0,0,0,1,0,0,0,0,0,0,0,0,0
120,Thu,f2,836.304,0,0,0,0,0,1,0,0,0,0,0,0,1,0,0,0,0,0,0
121,Sat,aj2,419.832,1,0,0,0,0,0,0,0,1,0,0,0,0,0,0,0,0,0,0
122,Sat,m2,944.622,1,0,0,0,0,0,0,0,0,0,0,0,0,0,0,0,1,0,0
123,Wed,m2,536.844,0,0,0,0,1,0,0,0,0,0,0,0,0,0,0,0,1,0,0
124,Sat,m2,474.348,1,0,0,0,0,0,0,0,0,0,0,0,0,0,0,0,1,0,0
125,Sun,m2,688.6215,0,1,0,0,0,0,0,0,0,0,0,0,0,0,0,0,1,0,0
126,Sun,aj4,169.3125,0,1,0,0,0,0,0,0,0,0,1,0,0,0,0,0,0,0,0
127,Tue,aj1,299.8485,0,0,0,1,0,0,0,1,0,0,0,0,0,0,0,0,0,0,0
128,Tue,aj1,575.736,0,0,0,1,0,0,0,1,0,0,0,0,0,0,0,0,0,0,0
129,Fri,f2,853.146,0,0,0,0,0,0,1,0,0,0,0,0,1,0,0,0,0,0,0
130,Fri,aj4,291.207,0,0,0,0,0,0,1,0,0,0,1,0,0,0,0,0,0,0,0
131,Wed,m1,580.419,0,0,0,0,1,0,0,0,0,0,0,0,0,0,0,1,0,0,0
132,Sun,f2,146.328,0,1,0,0,0,0,0,0,0,0,0,0,1,0,0,0,0,0,0
133,Sun,f3,550.935,0,1,0,0,0,0,0,0,0,0,0,0,0,1,0,0,0,0,0
134,Fri,m1,512.19,0,0,0,0,0,0,1,0,0,0,0,0,0,0,0,1,0,0,0
135,Mon,f3,284.193,0,0,1,0,0,0,0,0,0,0,0,0,0,1,0,0,0,0,0
136,Fri,aj3,138.1275,0,0,0,0,0,0,1,0,0,1,0,0,0,0,0,0,0,0,0
137,Mon,f3,216.846,0,0,1,0,0,0,0,0,0,0,0,0,0,1,0,0,0,0,0
138,Sat,f3,545.055,1,0,0,0,0,0,0,0,0,0,0,0,0,1,0,0,0,0,0
139,Sat,m2,609.0,1,0,0,0,0,0,0,0,0,0,0,0,0,0,0,0,1,0,0
140,Wed,aj3,942.9,0,0,0,0,1,0,0,0,0,1,0,0,0,0,0,0,0,0,0
141,Fri,aj4,950.25,0,0,0,0,0,0,1,0,0,0,1,0,0,0,0,0,0,0,0
142,Tue,f1,720.3,0,0,0,1,0,0,0,0,0,0,0,1,0,0,0,0,0,0,0
143,Fri,f4,31.9305,0,0,0,0,0,0,1,0,0,0,0,0,0,0,1,0,0,0,0
144,Mon,aj3,491.085,0,0,1,0,0,0,0,0,0,1,0,0,0,0,0,0,0,0,0
145,Fri,m1,291.438,0,0,0,0,0,0,1,0,0,0,0,0,0,0,0,1,0,0,0
146,Sun,f2,316.47,0,1,0,0,0,0,0,0,0,0,0,0,1,0,0,0,0,0,0
147,Tue,m3,277.788,0,0,0,1,0,0,0,0,0,0,0,0,0,0,0,0,0,1,0
148,Wed,m1,603.624,0,0,0,0,1,0,0,0,0,0,0,0,0,0,0,1,0,0,0
149,Wed,m4,272.664,0,0,0,0,1,0,0,0,0,0,0,0,0,0,0,0,0,0,1
150,Sat,m3,384.468,1,0,0,0,0,0,0,0,0,0,0,0,0,0,0,0,0,1,0
151,Mon,m2,254.016,0,0,1,0,0,0,0,0,0,0,0,0,0,0,0,0,1,0,0
152,Tue,aj4,786.618,0,0,0,1,0,0,0,0,0,0,1,0,0,0,0,0,0,0,0
153,Thu,f1,103.824,0,0,0,0,0,1,0,0,0,0,0,1,0,0,0,0,0,0,0
154,Mon,aj4,680.148,0,0,1,0,0,0,0,0,0,0,1,0,0,0,0,0,0,0,0
155,Wed,f3,484.5225,0,0,0,0,1,0,0,0,0,0,0,0,0,1,0,0,0,0,0
156,Fri,aj1,75.7785,0,0,0,0,0,0,1,1,0,0,0,0,0,0,0,0,0,0,0
157,Thu,m1,263.97,0,0,0,0,0,1,0,0,0,0,0,0,0,0,0,1,0,0,0
158,Sat,m4,918.729,1,0,0,0,0,0,0,0,0,0,0,0,0,0,0,0,0,0,1
159,Wed,m4,588.357,0,0,0,0,1,0,0,0,0,0,0,0,0,0,0,0,0,0,1
160,Sat,aj3,362.712,1,0,0,0,0,0,0,0,0,1,0,0,0,0,0,0,0,0,0
161,Mon,f4,66.8745,0,0,1,0,0,0,0,0,0,0,0,0,0,0,1,0,0,0,0
162,Wed,m2,336.5565,0,0,0,0,1,0,0,0,0,0,0,0,0,0,0,0,1,0,0
163,Wed,aj4,160.44,0,0,0,0,1,0,0,0,0,0,1,0,0,0,0,0,0,0,0
164,Wed,f3,418.95,0,0,0,0,1,0,0,0,0,0,0,0,0,1,0,0,0,0,0
165,Mon,f4,357.588,0,0,1,0,0,0,0,0,0,0,0,0,0,0,1,0,0,0,0
166,Wed,aj2,1003.59,0,0,0,0,1,0,0,0,1,0,0,0,0,0,0,0,0,0,0
167,Fri,f2,1039.29,0,0,0,0,0,0,1,0,0,0,0,0,1,0,0,0,0,0,0
168,Sat,aj3,323.064,1,0,0,0,0,0,0,0,0,1,0,0,0,0,0,0,0,0,0
169,Fri,aj3,510.972,0,0,0,0,0,0,1,0,0,1,0,0,0,0,0,0,0,0,0
170,Thu,aj1,367.5525,0,0,0,0,0,1,0,1,0,0,0,0,0,0,0,0,0,0,0
171,Sat,aj4,420.2625,1,0,0,0,0,0,0,0,0,0,1,0,0,0,0,0,0,0,0
172,Sun,m1,175.14,0,1,0,0,0,0,0,0,0,0,0,0,0,0,0,1,0,0,0
173,Sat,aj3,333.207,1,0,0,0,0,0,0,0,0,1,0,0,0,0,0,0,0,0,0
174,Fri,aj3,166.236,0,0,0,0,0,0,1,0,0,1,0,0,0,0,0,0,0,0,0
175,Thu,m3,319.788,0,0,0,0,0,1,0,0,0,0,0,0,0,0,0,0,0,1,0
176,Sun,m1,186.228,0,1,0,0,0,0,0,0,0,0,0,0,0,0,0,1,0,0,0
177,Wed,f2,165.4485,0,0,0,0,1,0,0,0,0,0,0,0,1,0,0,0,0,0,0
178,Sat,m3,465.444,1,0,0,0,0,0,0,0,0,0,0,0,0,0,0,0,0,1,0
179,Mon,aj4,273.42,0,0,1,0,0,0,0,0,0,0,1,0,0,0,0,0,0,0,0
180,Sat,f2,472.311,1,0,0,0,0,0,0,0,0,0,0,0,1,0,0,0,0,0,0
181,Wed,aj3,323.148,0,0,0,0,1,0,0,0,0,1,0,0,0,0,0,0,0,0,0
182,Sat,m3,162.75,1,0,0,0,0,0,0,0,0,0,0,0,0,0,0,0,0,1,0
183,Fri,aj4,288.204,0,0,0,0,0,0,1,0,0,0,1,0,0,0,0,0,0,0,0
184,Mon,m1,90.699,0,0,1,0,0,0,0,0,0,0,0,0,0,0,0,1,0,0,0
185,Tue,m1,56.952,0,0,0,1,0,0,0,0,0,0,0,0,0,0,0,1,0,0,0
186,Sun,m1,793.716,0,1,0,0,0,0,0,0,0,0,0,0,0,0,0,1,0,0,0
187,Fri,f2,195.174,0,0,0,0,0,0,1,0,0,0,0,0,1,0,0,0,0,0,0
188,Sun,f2,77.7735,0,1,0,0,0,0,0,0,0,0,0,0,1,0,0,0,0,0,0
189,Mon,aj4,293.202,0,0,1,0,0,0,0,0,0,0,1,0,0,0,0,0,0,0,0
190,Mon,f2,242.676,0,0,1,0,0,0,0,0,0,0,0,0,1,0,0,0,0,0,0
191,Tue,aj2,154.392,0,0,0,1,0,0,0,0,1,0,0,0,0,0,0,0,0,0,0
192,Sat,m2,829.71,1,0,0,0,0,0,0,0,0,0,0,0,0,0,0,0,1,0,0
193,Sat,aj4,107.31,1,0,0,0,0,0,0,0,0,0,1,0,0,0,0,0,0,0,0
194,Tue,m3,171.7275,0,0,0,1,0,0,0,0,0,0,0,0,0,0,0,0,0,1,0
195,Sun,aj2,78.0045,0,1,0,0,0,0,0,0,1,0,0,0,0,0,0,0,0,0,0
196,Tue,m4,91.77,0,0,0,1,0,0,0,0,0,0,0,0,0,0,0,0,0,0,1
197,Sat,m3,26.5545,1,0,0,0,0,0,0,0,0,0,0,0,0,0,0,0,0,1,0
198,Tue,m2,174.3,0,0,0,1,0,0,0,0,0,0,0,0,0,0,0,0,1,0,0
199,Sun,f3,374.7975,0,1,0,0,0,0,0,0,0,0,0,0,0,1,0,0,0,0,0
200,Tue,aj4,120.645,0,0,0,1,0,0,0,0,0,0,1,0,0,0,0,0,0,0,0
201,Fri,m2,241.458,0,0,0,0,0,0,1,0,0,0,0,0,0,0,0,0,1,0,0
202,Mon,aj2,451.3635,0,0,1,0,0,0,0,0,1,0,0,0,0,0,0,0,0,0,0
203,Wed,f1,271.95,0,0,0,0,1,0,0,0,0,0,0,1,0,0,0,0,0,0,0
204,Fri,f3,93.2925,0,0,0,0,0,0,1,0,0,0,0,0,0,1,0,0,0,0,0
205,Thu,aj1,217.6335,0,0,0,0,0,1,0,1,0,0,0,0,0,0,0,0,0,0,0
206,Fri,aj1,629.8425,0,0,0,0,0,0,1,1,0,0,0,0,0,0,0,0,0,0,0
207,Mon,m3,299.565,0,0,1,0,0,0,0,0,0,0,0,0,0,0,0,0,0,1,0
208,Thu,m4,95.6655,0,0,0,0,0,1,0,0,0,0,0,0,0,0,0,0,0,0,1
209,Sat,m1,942.4485,1,0,0,0,0,0,0,0,0,0,0,0,0,0,0,1,0,0,0
210,Fri,aj4,247.8735,0,0,0,0,0,0,1,0,0,0,1,0,0,0,0,0,0,0,0
211,Wed,aj2,881.307,0,0,0,0,1,0,0,0,1,0,0,0,0,0,0,0,0,0,0
212,Wed,m3,484.89,0,0,0,0,1,0,0,0,0,0,0,0,0,0,0,0,0,1,0
213,Fri,aj1,146.223,0,0,0,0,0,0,1,1,0,0,0,0,0,0,0,0,0,0,0
214,Mon,m2,217.6335,0,0,1,0,0,0,0,0,0,0,0,0,0,0,0,0,1,0,0
215,Fri,m3,19.194,0,0,0,0,0,0,1,0,0,0,0,0,0,0,0,0,0,1,0
216,Sun,m4,130.0425,0,1,0,0,0,0,0,0,0,0,0,0,0,0,0,0,0,0,1
217,Thu,f3,298.116,0,0,0,0,0,1,0,0,0,0,0,0,0,1,0,0,0,0,0
218,Tue,f2,796.908,0,0,0,1,0,0,0,0,0,0,0,0,1,0,0,0,0,0,0
219,Sun,m2,180.621,0,1,0,0,0,0,0,0,0,0,0,0,0,0,0,0,1,0,0
220,Thu,aj4,285.705,0,0,0,0,0,1,0,0,0,0,1,0,0,0,0,0,0,0,0
221,Wed,m1,456.288,0,0,0,0,1,0,0,0,0,0,0,0,0,0,0,1,0,0,0
222,Sun,f3,62.0025,0,1,0,0,0,0,0,0,0,0,0,0,0,1,0,0,0,0,0
223,Thu,f3,13.167,0,0,0,0,0,1,0,0,0,0,0,0,0,1,0,0,0,0,0
224,Wed,m3,90.825,0,0,0,0,1,0,0,0,0,0,0,0,0,0,0,0,0,1,0
225,Fri,aj2,183.036,0,0,0,0,0,0,1,0,1,0,0,0,0,0,0,0,0,0,0
226,Sat,aj4,655.5465,1,0,0,0,0,0,0,0,0,0,1,0,0,0,0,0,0,0,0
227,Thu,aj4,155.652,0,0,0,0,0,1,0,0,0,0,1,0,0,0,0,0,0,0,0
228,Tue,f4,571.41,0,0,0,1,0,0,0,0,0,0,0,0,0,0,1,0,0,0,0
229,Mon,m2,532.728,0,0,1,0,0,0,0,0,0,0,0,0,0,0,0,0,1,0,0
230,Sat,aj4,170.877,1,0,0,0,0,0,0,0,0,0,1,0,0,0,0,0,0,0,0
231,Tue,m2,33.3585,0,0,0,1,0,0,0,0,0,0,0,0,0,0,0,0,1,0,0
232,Mon,f2,794.6505,0,0,1,0,0,0,0,0,0,0,0,0,1,0,0,0,0,0,0
233,Thu,f3,310.044,0,0,0,0,0,1,0,0,0,0,0,0,0,1,0,0,0,0,0
234,Sat,m2,545.37,1,0,0,0,0,0,0,0,0,0,0,0,0,0,0,0,1,0,0
235,Sun,aj3,195.594,0,1,0,0,0,0,0,0,0,1,0,0,0,0,0,0,0,0,0
236,Mon,aj4,91.4025,0,0,1,0,0,0,0,0,0,0,1,0,0,0,0,0,0,0,0
237,Tue,m1,232.155,0,0,0,1,0,0,0,0,0,0,0,0,0,0,0,1,0,0,0
238,Sat,m1,69.405,1,0,0,0,0,0,0,0,0,0,0,0,0,0,0,1,0,0,0
239,Fri,aj2,94.1745,0,0,0,0,0,0,1,0,1,0,0,0,0,0,0,0,0,0,0
240,Fri,aj2,235.683,0,0,0,0,0,0,1,0,1,0,0,0,0,0,0,0,0,0,0
241,Mon,m2,125.517,0,0,1,0,0,0,0,0,0,0,0,0,0,0,0,0,1,0,0
242,Thu,f4,195.72,0,0,0,0,0,1,0,0,0,0,0,0,0,0,1,0,0,0,0
243,Sat,aj1,263.13,1,0,0,0,0,0,0,1,0,0,0,0,0,0,0,0,0,0,0
244,Sat,f1,788.508,1,0,0,0,0,0,0,0,0,0,0,1,0,0,0,0,0,0,0
245,Tue,f1,399.756,0,0,0,1,0,0,0,0,0,0,0,1,0,0,0,0,0,0,0
246,Sat,f2,256.41,1,0,0,0,0,0,0,0,0,0,0,0,1,0,0,0,0,0,0
247,Wed,aj3,94.185,0,0,0,0,1,0,0,0,0,1,0,0,0,0,0,0,0,0,0
248,Mon,aj1,326.424,0,0,1,0,0,0,0,1,0,0,0,0,0,0,0,0,0,0,0
249,Mon,aj2,536.991,0,0,1,0,0,0,0,0,1,0,0,0,0,0,0,0,0,0,0
250,Sat,f1,439.8975,1,0,0,0,0,0,0,0,0,0,0,1,0,0,0,0,0,0,0
251,Sun,m3,369.495,0,1,0,0,0,0,0,0,0,0,0,0,0,0,0,0,0,1,0
252,Sat,m1,30.219,1,0,0,0,0,0,0,0,0,0,0,0,0,0,0,1,0,0,0
253,Sat,m2,99.75,1,0,0,0,0,0,0,0,0,0,0,0,0,0,0,0,1,0,0
254,Sun,aj1,494.76,0,1,0,0,0,0,0,1,0,0,0,0,0,0,0,0,0,0,0
255,Tue,aj4,137.004,0,0,0,1,0,0,0,0,0,0,1,0,0,0,0,0,0,0,0
256,Thu,aj4,69.6675,0,0,0,0,0,1,0,0,0,0,1,0,0,0,0,0,0,0,0
257,Tue,f1,163.233,0,0,0,1,0,0,0,0,0,0,0,1,0,0,0,0,0,0,0
258,Wed,f2,135.45,0,0,0,0,1,0,0,0,0,0,0,0,1,0,0,0,0,0,0
259,Thu,f1,276.948,0,0,0,0,0,1,0,0,0,0,0,1,0,0,0,0,0,0,0
260,Tue,m3,709.317,0,0,0,1,0,0,0,0,0,0,0,0,0,0,0,0,0,1,0
261,Thu,m1,69.09,0,0,0,0,0,1,0,0,0,0,0,0,0,0,0,1,0,0,0
262,Wed,m2,160.86,0,0,0,0,1,0,0,0,0,0,0,0,0,0,0,0,1,0,0
263,Sat,f2,233.52,1,0,0,0,0,0,0,0,0,0,0,0,1,0,0,0,0,0,0
264,Tue,f4,57.1725,0,0,0,1,0,0,0,0,0,0,0,0,0,0,1,0,0,0,0
265,Tue,m2,723.24,0,0,0,1,0,0,0,0,0,0,0,0,0,0,0,0,1,0,0
266,Thu,m2,148.974,0,0,0,0,0,1,0,0,0,0,0,0,0,0,0,0,1,0,0
267,Tue,aj1,783.3,0,0,0,1,0,0,0,1,0,0,0,0,0,0,0,0,0,0,0
268,Sat,aj1,297.108,1,0,0,0,0,0,0,1,0,0,0,0,0,0,0,0,0,0,0
269,Fri,aj1,373.17,0,0,0,0,0,0,1,1,0,0,0,0,0,0,0,0,0,0,0
270,Wed,m1,354.0075,0,0,0,0,1,0,0,0,0,0,0,0,0,0,0,1,0,0,0
271,Thu,aj1,44.352,0,0,0,0,0,1,0,1,0,0,0,0,0,0,0,0,0,0,0
272,Mon,aj1,203.553,0,0,1,0,0,0,0,1,0,0,0,0,0,0,0,0,0,0,0
273,Sun,aj4,25.263,0,1,0,0,0,0,0,0,0,0,1,0,0,0,0,0,0,0,0
274,Tue,f4,628.173,0,0,0,1,0,0,0,0,0,0,0,0,0,0,1,0,0,0,0
275,Mon,aj1,352.5795,0,0,1,0,0,0,0,1,0,0,0,0,0,0,0,0,0,0,0
276,Mon,aj1,229.11,0,0,1,0,0,0,0,1,0,0,0,0,0,0,0,0,0,0,0
277,Sat,f1,400.764,1,0,0,0,0,0,0,0,0,0,0,1,0,0,0,0,0,0,0
278,Wed,m3,745.395,0,0,0,0,1,0,0,0,0,0,0,0,0,0,0,0,0,1,0
279,Wed,m3,462.21,0,0,0,0,1,0,0,0,0,0,0,0,0,0,0,0,0,1,0
280,Fri,f3,587.664,0,0,0,0,0,0,1,0,0,0,0,0,0,1,0,0,0,0,0
281,Wed,m1,38.85,0,0,0,0,1,0,0,0,0,0,0,0,0,0,0,1,0,0,0
282,Sun,aj1,16.107,0,1,0,0,0,0,0,1,0,0,0,0,0,0,0,0,0,0,0
283,Mon,m1,628.929,0,0,1,0,0,0,0,0,0,0,0,0,0,0,0,1,0,0,0
284,Tue,m2,200.214,0,0,0,1,0,0,0,0,0,0,0,0,0,0,0,0,1,0,0
285,Wed,f3,350.07,0,0,0,0,1,0,0,0,0,0,0,0,0,1,0,0,0,0,0
286,Sun,m4,78.603,0,1,0,0,0,0,0,0,0,0,0,0,0,0,0,0,0,0,1
287,Thu,aj4,224.4375,0,0,0,0,0,1,0,0,0,0,1,0,0,0,0,0,0,0,0
288,Fri,aj4,356.5485,0,0,0,0,0,0,1,0,0,0,1,0,0,0,0,0,0,0,0
289,Sun,f1,697.368,0,1,0,0,0,0,0,0,0,0,0,1,0,0,0,0,0,0,0
290,Thu,aj4,423.15,0,0,0,0,0,1,0,0,0,0,1,0,0,0,0,0,0,0,0
291,Thu,m2,204.6975,0,0,0,0,0,1,0,0,0,0,0,0,0,0,0,0,1,0,0
292,Mon,f3,65.604,0,0,1,0,0,0,0,0,0,0,0,0,0,1,0,0,0,0,0
293,Mon,aj3,76.356,0,0,1,0,0,0,0,0,0,1,0,0,0,0,0,0,0,0,0
294,Wed,m2,190.155,0,0,0,0,1,0,0,0,0,0,0,0,0,0,0,0,1,0,0
295,Sun,m1,272.58,0,1,0,0,0,0,0,0,0,0,0,0,0,0,0,1,0,0,0
296,Fri,m4,121.128,0,0,0,0,0,0,1,0,0,0,0,0,0,0,0,0,0,0,1
297,Thu,aj2,493.794,0,0,0,0,0,1,0,0,1,0,0,0,0,0,0,0,0,0,0
298,Fri,aj4,252.042,0,0,0,0,0,0,1,0,0,0,1,0,0,0,0,0,0,0,0
299,Sat,aj3,93.0405,1,0,0,0,0,0,0,0,0,1,0,0,0,0,0,0,0,0,0
300,Wed,aj1,209.622,0,0,0,0,1,0,0,1,0,0,0,0,0,0,0,0,0,0,0
301,Tue,m2,40.9605,0,0,0,1,0,0,0,0,0,0,0,0,0,0,0,0,1,0,0
302,Mon,f4,51.0405,0,0,1,0,0,0,0,0,0,0,0,0,0,0,1,0,0,0,0
303,Mon,m3,214.998,0,0,1,0,0,0,0,0,0,0,0,0,0,0,0,0,0,1,0
304,Sat,f4,125.664,1,0,0,0,0,0,0,0,0,0,0,0,0,0,1,0,0,0,0
305,Tue,m4,530.67,0,0,0,1,0,0,0,0,0,0,0,0,0,0,0,0,0,0,1
306,Sat,m4,295.6905,1,0,0,0,0,0,0,0,0,0,0,0,0,0,0,0,0,0,1
307,Sun,f3,745.836,0,1,0,0,0,0,0,0,0,0,0,0,0,1,0,0,0,0,0
308,Thu,m3,83.412,0,0,0,0,0,1,0,0,0,0,0,0,0,0,0,0,0,1,0
309,Tue,m1,172.011,0,0,0,1,0,0,0,0,0,0,0,0,0,0,0,1,0,0,0
310,Thu,aj4,503.559,0,0,0,0,0,1,0,0,0,0,1,0,0,0,0,0,0,0,0
311,Tue,f1,145.593,0,0,0,1,0,0,0,0,0,0,0,1,0,0,0,0,0,0,0
312,Fri,f1,74.7075,0,0,0,0,0,0,1,0,0,0,0,1,0,0,0,0,0,0,0
313,Thu,m1,146.9475,0,0,0,0,0,1,0,0,0,0,0,0,0,0,0,1,0,0,0
314,Sun,f2,820.365,0,1,0,0,0,0,0,0,0,0,0,0,1,0,0,0,0,0,0
315,Thu,f2,208.677,0,0,0,0,0,1,0,0,0,0,0,0,1,0,0,0,0,0,0
316,Sat,f2,66.402,1,0,0,0,0,0,0,0,0,0,0,0,1,0,0,0,0,0,0
317,Thu,aj2,392.6475,0,0,0,0,0,1,0,0,1,0,0,0,0,0,0,0,0,0,0
318,Mon,m2,218.0745,0,0,1,0,0,0,0,0,0,0,0,0,0,0,0,0,1,0,0
319,Mon,f3,185.094,0,0,1,0,0,0,0,0,0,0,0,0,0,1,0,0,0,0,0
320,Tue,f4,216.6885,0,0,0,1,0,0,0,0,0,0,0,0,0,0,1,0,0,0,0
321,Fri,aj3,41.391,0,0,0,0,0,0,1,0,0,1,0,0,0,0,0,0,0,0,0
322,Fri,f3,96.138,0,0,0,0,0,0,1,0,0,0,0,0,0,1,0,0,0,0,0
323,Fri,m1,324.2925,0,0,0,0,0,0,1,0,0,0,0,0,0,0,0,1,0,0,0
324,Thu,aj3,135.576,0,0,0,0,0,1,0,0,0,1,0,0,0,0,0,0,0,0,0
325,Tue,m2,410.508,0,0,0,1,0,0,0,0,0,0,0,0,0,0,0,0,1,0,0
326,Sat,m2,523.845,1,0,0,0,0,0,0,0,0,0,0,0,0,0,0,0,1,0,0
327,Tue,m2,395.892,0,0,0,1,0,0,0,0,0,0,0,0,0,0,0,0,1,0,0
328,Fri,aj4,214.746,0,0,0,0,0,0,1,0,0,0,1,0,0,0,0,0,0,0,0
329,Mon,m4,152.712,0,0,1,0,0,0,0,0,0,0,0,0,0,0,0,0,0,0,1
330,Thu,f1,208.089,0,0,0,0,0,1,0,0,0,0,0,1,0,0,0,0,0,0,0
331,Sun,f3,103.635,0,1,0,0,0,0,0,0,0,0,0,0,0,1,0,0,0,0,0
332,Sun,f1,404.355,0,1,0,0,0,0,0,0,0,0,0,1,0,0,0,0,0,0,0
333,Thu,m2,49.308,0,0,0,0,0,1,0,0,0,0,0,0,0,0,0,0,1,0,0
334,Sun,m4,77.175,0,1,0,0,0,0,0,0,0,0,0,0,0,0,0,0,0,0,1
335,Thu,m3,149.3625,0,0,0,0,0,1,0,0,0,0,0,0,0,0,0,0,0,1,0
336,Tue,m3,721.98,0,0,0,1,0,0,0,0,0,0,0,0,0,0,0,0,0,1,0
337,Sun,f4,365.085,0,1,0,0,0,0,0,0,0,0,0,0,0,0,1,0,0,0,0
338,Thu,m4,150.0975,0,0,0,0,0,1,0,0,0,0,0,0,0,0,0,0,0,0,1
339,Tue,f1,404.649,0,0,0,1,0,0,0,0,0,0,0,1,0,0,0,0,0,0,0
340,Sun,f2,151.4835,0,1,0,0,0,0,0,0,0,0,0,0,1,0,0,0,0,0,0
341,Tue,m1,411.3795,0,0,0,1,0,0,0,0,0,0,0,0,0,0,0,1,0,0,0
342,Fri,f3,565.215,0,0,0,0,0,0,1,0,0,0,0,0,0,1,0,0,0,0,0
343,Wed,aj4,509.4075,0,0,0,0,1,0,0,0,0,0,1,0,0,0,0,0,0,0,0
344,Thu,f2,140.6475,0,0,0,0,0,1,0,0,0,0,0,0,1,0,0,0,0,0,0
345,Wed,f4,736.4385,0,0,0,0,1,0,0,0,0,0,0,0,0,0,1,0,0,0,0
346,Mon,f1,75.5475,0,0,1,0,0,0,0,0,0,0,0,1,0,0,0,0,0,0,0
347,Sun,aj3,749.7,0,1,0,0,0,0,0,0,0,1,0,0,0,0,0,0,0,0,0
348,Thu,m4,191.247,0,0,0,0,0,1,0,0,0,0,0,0,0,0,0,0,0,0,1
349,Wed,f4,141.75,0,0,0,0,1,0,0,0,0,0,0,0,0,0,1,0,0,0,0
350,Fri,f3,1042.65,0,0,0,0,0,0,1,0,0,0,0,0,0,1,0,0,0,0,0
351,Sat,aj4,379.9215,1,0,0,0,0,0,0,0,0,0,1,0,0,0,0,0,0,0,0
352,Thu,m2,402.2655,0,0,0,0,0,1,0,0,0,0,0,0,0,0,0,0,1,0,0
353,Sat,m1,255.15,1,0,0,0,0,0,0,0,0,0,0,0,0,0,0,1,0,0,0
354,Mon,m1,31.752,0,0,1,0,0,0,0,0,0,0,0,0,0,0,0,1,0,0,0
355,Mon,aj1,374.388,0,0,1,0,0,0,0,1,0,0,0,0,0,0,0,0,0,0,0
356,Fri,m1,394.275,0,0,0,0,0,0,1,0,0,0,0,0,0,0,0,1,0,0,0
357,Wed,aj2,1002.12,0,0,0,0,1,0,0,0,1,0,0,0,0,0,0,0,0,0,0
358,Fri,m1,86.625,0,0,0,0,0,0,1,0,0,0,0,0,0,0,0,1,0,0,0
359,Sat,m2,78.7185,1,0,0,0,0,0,0,0,0,0,0,0,0,0,0,0,1,0,0
360,Sun,f3,680.064,0,1,0,0,0,0,0,0,0,0,0,0,0,1,0,0,0,0,0
361,Wed,f4,793.548,0,0,0,0,1,0,0,0,0,0,0,0,0,0,1,0,0,0,0
362,Thu,m1,209.559,0,0,0,0,0,1,0,0,0,0,0,0,0,0,0,1,0,0,0
363,Mon,aj3,461.286,0,0,1,0,0,0,0,0,0,1,0,0,0,0,0,0,0,0,0
364,Tue,f3,173.208,0,0,0,1,0,0,0,0,0,0,0,0,0,1,0,0,0,0,0
365,Sun,aj1,343.056,0,1,0,0,0,0,0,1,0,0,0,0,0,0,0,0,0,0,0
366,Thu,m2,484.974,0,0,0,0,0,1,0,0,0,0,0,0,0,0,0,0,1,0,0
367,Sun,m4,276.948,0,1,0,0,0,0,0,0,0,0,0,0,0,0,0,0,0,0,1
368,Sun,aj4,150.78,0,1,0,0,0,0,0,0,0,0,1,0,0,0,0,0,0,0,0
369,Wed,m1,203.175,0,0,0,0,1,0,0,0,0,0,0,0,0,0,0,1,0,0,0
370,Sat,f1,193.011,1,0,0,0,0,0,0,0,0,0,0,1,0,0,0,0,0,0,0
371,Fri,aj4,128.016,0,0,0,0,0,0,1,0,0,0,1,0,0,0,0,0,0,0,0
372,Thu,m2,441.693,0,0,0,0,0,1,0,0,0,0,0,0,0,0,0,0,1,0,0
373,Tue,aj4,265.104,0,0,0,1,0,0,0,0,0,0,1,0,0,0,0,0,0,0,0
374,Thu,aj1,352.2225,0,0,0,0,0,1,0,1,0,0,0,0,0,0,0,0,0,0,0
375,Mon,aj2,507.675,0,0,1,0,0,0,0,0,1,0,0,0,0,0,0,0,0,0,0
376,Sat,aj1,334.341,1,0,0,0,0,0,0,1,0,0,0,0,0,0,0,0,0,0,0
377,Fri,f4,701.8515,0,0,0,0,0,0,1,0,0,0,0,0,0,0,1,0,0,0,0
378,Wed,f1,407.316,0,0,0,0,1,0,0,0,0,0,0,1,0,0,0,0,0,0,0
379,Wed,aj4,99.33,0,0,0,0,1,0,0,0,0,0,1,0,0,0,0,0,0,0,0
380,Fri,aj2,345.786,0,0,0,0,0,0,1,0,1,0,0,0,0,0,0,0,0,0,0
381,Tue,m3,55.881,0,0,0,1,0,0,0,0,0,0,0,0,0,0,0,0,0,1,0
382,Mon,aj2,523.3725,0,0,1,0,0,0,0,0,1,0,0,0,0,0,0,0,0,0,0
383,Fri,m1,314.538,0,0,0,0,0,0,1,0,0,0,0,0,0,0,0,1,0,0,0
384,Sun,aj1,214.935,0,1,0,0,0,0,0,1,0,0,0,0,0,0,0,0,0,0,0
385,Thu,aj4,79.611,0,0,0,0,0,1,0,0,0,0,1,0,0,0,0,0,0,0,0
386,Mon,m2,294.651,0,0,1,0,0,0,0,0,0,0,0,0,0,0,0,0,1,0,0
387,Wed,f3,339.36,0,0,0,0,1,0,0,0,0,0,0,0,0,1,0,0,0,0,0
388,Sun,aj4,510.9615,0,1,0,0,0,0,0,0,0,0,1,0,0,0,0,0,0,0,0
389,Sun,m2,133.917,0,1,0,0,0,0,0,0,0,0,0,0,0,0,0,0,1,0,0
390,Fri,f3,253.512,0,0,0,0,0,0,1,0,0,0,0,0,0,1,0,0,0,0,0
391,Sat,aj4,398.475,1,0,0,0,0,0,0,0,0,0,1,0,0,0,0,0,0,0,0
392,Wed,f2,80.661,0,0,0,0,1,0,0,0,0,0,0,0,1,0,0,0,0,0,0
393,Sat,m2,548.73,1,0,0,0,0,0,0,0,0,0,0,0,0,0,0,0,1,0,0
394,Wed,m1,83.727,0,0,0,0,1,0,0,0,0,0,0,0,0,0,0,1,0,0,0
395,Thu,aj4,406.875,0,0,0,0,0,1,0,0,0,0,1,0,0,0,0,0,0,0,0
396,Wed,m2,284.9175,0,0,0,0,1,0,0,0,0,0,0,0,0,0,0,0,1,0,0
397,Fri,m2,128.4255,0,0,0,0,0,0,1,0,0,0,0,0,0,0,0,0,1,0,0
398,Tue,m1,258.678,0,0,0,1,0,0,0,0,0,0,0,0,0,0,0,1,0,0,0
399,Mon,m1,181.818,0,0,1,0,0,0,0,0,0,0,0,0,0,0,0,1,0,0,0
400,Mon,m4,248.409,0,0,1,0,0,0,0,0,0,0,0,0,0,0,0,0,0,0,1
401,Tue,m2,194.124,0,0,0,1,0,0,0,0,0,0,0,0,0,0,0,0,1,0,0
402,Mon,f1,14.679,0,0,1,0,0,0,0,0,0,0,0,1,0,0,0,0,0,0,0
403,Fri,f4,208.6875,0,0,0,0,0,0,1,0,0,0,0,0,0,0,1,0,0,0,0
404,Sat,f3,718.7565,1,0,0,0,0,0,0,0,0,0,0,0,0,1,0,0,0,0,0
405,Sat,aj3,282.492,1,0,0,0,0,0,0,0,0,1,0,0,0,0,0,0,0,0,0
406,Fri,aj2,72.3975,0,0,0,0,0,0,1,0,1,0,0,0,0,0,0,0,0,0,0
407,Fri,aj1,288.582,0,0,0,0,0,0,1,1,0,0,0,0,0,0,0,0,0,0,0
408,Mon,m1,237.426,0,0,1,0,0,0,0,0,0,0,0,0,0,0,0,1,0,0,0
409,Mon,aj4,125.055,0,0,1,0,0,0,0,0,0,0,1,0,0,0,0,0,0,0,0
410,Wed,aj1,359.205,0,0,0,0,1,0,0,1,0,0,0,0,0,0,0,0,0,0,0
411,Fri,aj4,45.927,0,0,0,0,0,0,1,0,0,0,1,0,0,0,0,0,0,0,0
412,Fri,aj1,110.0925,0,0,0,0,0,0,1,1,0,0,0,0,0,0,0,0,0,0,0
413,Sun,m2,81.396,0,1,0,0,0,0,0,0,0,0,0,0,0,0,0,0,1,0,0
414,Fri,m3,427.812,0,0,0,0,0,0,1,0,0,0,0,0,0,0,0,0,0,1,0
415,Fri,aj4,100.9155,0,0,0,0,0,0,1,0,0,0,1,0,0,0,0,0,0,0,0
416,Tue,aj1,190.596,0,0,0,1,0,0,0,1,0,0,0,0,0,0,0,0,0,0,0
417,Tue,aj3,85.5855,0,0,0,1,0,0,0,0,0,1,0,0,0,0,0,0,0,0,0
418,Sat,aj2,120.162,1,0,0,0,0,0,0,0,1,0,0,0,0,0,0,0,0,0,0
419,Mon,f1,185.367,0,0,1,0,0,0,0,0,0,0,0,1,0,0,0,0,0,0,0
420,Thu,m4,121.59,0,0,0,0,0,1,0,0,0,0,0,0,0,0,0,0,0,0,1
421,Wed,aj3,264.7575,0,0,0,0,1,0,0,0,0,1,0,0,0,0,0,0,0,0,0
422,Fri,f2,1020.705,0,0,0,0,0,0,1,0,0,0,0,0,1,0,0,0,0,0,0
423,Tue,m3,213.528,0,0,0,1,0,0,0,0,0,0,0,0,0,0,0,0,0,1,0
424,Sat,m2,17.094,1,0,0,0,0,0,0,0,0,0,0,0,0,0,0,0,1,0,0
425,Wed,aj1,383.7645,0,0,0,0,1,0,0,1,0,0,0,0,0,0,0,0,0,0,0
426,Mon,aj3,390.7995,0,0,1,0,0,0,0,0,0,1,0,0,0,0,0,0,0,0,0
427,Wed,m3,65.7405,0,0,0,0,1,0,0,0,0,0,0,0,0,0,0,0,0,1,0
428,Wed,f4,353.1675,0,0,0,0,1,0,0,0,0,0,0,0,0,0,1,0,0,0,0
429,Fri,m1,951.825,0,0,0,0,0,0,1,0,0,0,0,0,0,0,0,1,0,0,0
430,Thu,aj4,145.068,0,0,0,0,0,1,0,0,0,0,1,0,0,0,0,0,0,0,0
431,Fri,m1,90.867,0,0,0,0,0,0,1,0,0,0,0,0,0,0,0,1,0,0,0
432,Sun,aj2,147.798,0,1,0,0,0,0,0,0,1,0,0,0,0,0,0,0,0,0,0
433,Sat,m2,702.219,1,0,0,0,0,0,0,0,0,0,0,0,0,0,0,0,1,0,0
434,Fri,f4,49.812,0,0,0,0,0,0,1,0,0,0,0,0,0,0,1,0,0,0,0
435,Tue,m3,937.818,0,0,0,1,0,0,0,0,0,0,0,0,0,0,0,0,0,1,0
436,Sun,aj3,348.306,0,1,0,0,0,0,0,0,0,1,0,0,0,0,0,0,0,0,0
437,Fri,m1,214.137,0,0,0,0,0,0,1,0,0,0,0,0,0,0,0,1,0,0,0
438,Fri,m1,71.568,0,0,0,0,0,0,1,0,0,0,0,0,0,0,0,1,0,0,0
439,Thu,f1,343.224,0,0,0,0,0,1,0,0,0,0,0,1,0,0,0,0,0,0,0
440,Tue,aj2,91.56,0,0,0,1,0,0,0,0,1,0,0,0,0,0,0,0,0,0,0
441,Fri,m3,742.812,0,0,0,0,0,0,1,0,0,0,0,0,0,0,0,0,0,1,0
442,Tue,aj2,843.0345,0,0,0,1,0,0,0,0,1,0,0,0,0,0,0,0,0,0,0
443,Tue,aj1,13.419,0,0,0,1,0,0,0,1,0,0,0,0,0,0,0,0,0,0,0
444,Tue,aj2,140.385,0,0,0,1,0,0,0,0,1,0,0,0,0,0,0,0,0,0,0
445,Mon,aj4,20.1075,0,0,1,0,0,0,0,0,0,0,1,0,0,0,0,0,0,0,0
446,Thu,f2,290.43,0,0,0,0,0,1,0,0,0,0,0,0,1,0,0,0,0,0,0
447,Sun,m2,144.081,0,1,0,0,0,0,0,0,0,0,0,0,0,0,0,0,1,0,0
448,Sat,aj2,28.4235,1,0,0,0,0,0,0,0,1,0,0,0,0,0,0,0,0,0,0
449,Tue,m4,41.076,0,0,0,1,0,0,0,0,0,0,0,0,0,0,0,0,0,0,1
450,Tue,m4,470.673,0,0,0,1,0,0,0,0,0,0,0,0,0,0,0,0,0,0,1
451,Wed,aj1,138.663,0,0,0,0,1,0,0,1,0,0,0,0,0,0,0,0,0,0,0
452,Sat,m2,333.9525,1,0,0,0,0,0,0,0,0,0,0,0,0,0,0,0,1,0,0
453,Sun,m1,26.25,0,1,0,0,0,0,0,0,0,0,0,0,0,0,0,1,0,0,0
454,Thu,aj4,87.234,0,0,0,0,0,1,0,0,0,0,1,0,0,0,0,0,0,0,0
455,Wed,f2,155.19,0,0,0,0,1,0,0,0,0,0,0,0,1,0,0,0,0,0,0
456,Fri,f3,731.43,0,0,0,0,0,0,1,0,0,0,0,0,0,1,0,0,0,0,0
457,Thu,f1,833.595,0,0,0,0,0,1,0,0,0,0,0,1,0,0,0,0,0,0,0
458,Sun,aj4,488.985,0,1,0,0,0,0,0,0,0,0,1,0,0,0,0,0,0,0,0
459,Sat,f4,37.6845,1,0,0,0,0,0,0,0,0,0,0,0,0,0,1,0,0,0,0
460,Sun,f1,212.73,0,1,0,0,0,0,0,0,0,0,0,1,0,0,0,0,0,0,0
461,Sun,m1,767.025,0,1,0,0,0,0,0,0,0,0,0,0,0,0,0,1,0,0,0
462,Sun,f1,310.59,0,1,0,0,0,0,0,0,0,0,0,1,0,0,0,0,0,0,0
463,Sun,m3,23.751,0,1,0,0,0,0,0,0,0,0,0,0,0,0,0,0,0,1,0
464,Thu,m4,269.535,0,0,0,0,0,1,0,0,0,0,0,0,0,0,0,0,0,0,1
465,Sat,m1,572.775,1,0,0,0,0,0,0,0,0,0,0,0,0,0,0,1,0,0,0
466,Fri,f2,273.0525,0,0,0,0,0,0,1,0,0,0,0,0,1,0,0,0,0,0,0
467,Fri,m3,233.226,0,0,0,0,0,0,1,0,0,0,0,0,0,0,0,0,0,1,0
468,Sat,f2,22.659,1,0,0,0,0,0,0,0,0,0,0,0,1,0,0,0,0,0,0
469,Fri,f3,103.782,0,0,0,0,0,0,1,0,0,0,0,0,0,1,0,0,0,0,0
470,Wed,aj3,527.751,0,0,0,0,1,0,0,0,0,1,0,0,0,0,0,0,0,0,0
471,Fri,aj4,168.21,0,0,0,0,0,0,1,0,0,0,1,0,0,0,0,0,0,0,0
472,Sat,f1,452.865,1,0,0,0,0,0,0,0,0,0,0,1,0,0,0,0,0,0,0
473,Sat,m4,609.588,1,0,0,0,0,0,0,0,0,0,0,0,0,0,0,0,0,0,1
474,Sat,m4,338.31,1,0,0,0,0,0,0,0,0,0,0,0,0,0,0,0,0,0,1
475,Mon,f4,205.317,0,0,1,0,0,0,0,0,0,0,0,0,0,0,1,0,0,0,0
476,Mon,m3,174.615,0,0,1,0,0,0,0,0,0,0,0,0,0,0,0,0,0,1,0
477,Thu,m1,353.094,0,0,0,0,0,1,0,0,0,0,0,0,0,0,0,1,0,0,0
478,Sat,m2,360.885,1,0,0,0,0,0,0,0,0,0,0,0,0,0,0,0,1,0,0
479,Tue,aj4,40.53,0,0,0,1,0,0,0,0,0,0,1,0,0,0,0,0,0,0,0
480,Sat,f1,554.148,1,0,0,0,0,0,0,0,0,0,0,1,0,0,0,0,0,0,0
481,Fri,f3,344.4,0,0,0,0,0,0,1,0,0,0,0,0,0,1,0,0,0,0,0
482,Tue,aj1,194.985,0,0,0,1,0,0,0,1,0,0,0,0,0,0,0,0,0,0,0
483,Tue,f2,633.99,0,0,0,1,0,0,0,0,0,0,0,0,1,0,0,0,0,0,0
484,Tue,f2,388.29,0,0,0,1,0,0,0,0,0,0,0,0,1,0,0,0,0,0,0
485,Thu,m3,207.858,0,0,0,0,0,1,0,0,0,0,0,0,0,0,0,0,0,1,0
486,Thu,f4,431.445,0,0,0,0,0,1,0,0,0,0,0,0,0,0,1,0,0,0,0
487,Sat,m3,156.03,1,0,0,0,0,0,0,0,0,0,0,0,0,0,0,0,0,1,0
488,Wed,aj4,24.108,0,0,0,0,1,0,0,0,0,0,1,0,0,0,0,0,0,0,0
489,Mon,f1,734.076,0,0,1,0,0,0,0,0,0,0,0,1,0,0,0,0,0,0,0
490,Wed,m2,72.87,0,0,0,0,1,0,0,0,0,0,0,0,0,0,0,0,1,0,0
491,Fri,m2,206.43,0,0,0,0,0,0,1,0,0,0,0,0,0,0,0,0,1,0,0
492,Tue,m1,212.688,0,0,0,1,0,0,0,0,0,0,0,0,0,0,0,1,0,0,0
493,Tue,m1,127.26,0,0,0,1,0,0,0,0,0,0,0,0,0,0,0,1,0,0,0
494,Tue,f4,209.769,0,0,0,1,0,0,0,0,0,0,0,0,0,0,1,0,0,0,0
495,Wed,m3,637.728,0,0,0,0,1,0,0,0,0,0,0,0,0,0,0,0,0,1,0
496,Tue,m3,132.762,0,0,0,1,0,0,0,0,0,0,0,0,0,0,0,0,0,1,0
497,Sun,aj4,568.512,0,1,0,0,0,0,0,0,0,0,1,0,0,0,0,0,0,0,0
498,Mon,aj3,103.0365,0,0,1,0,0,0,0,0,0,1,0,0,0,0,0,0,0,0,0
499,Sat,f1,432.768,1,0,0,0,0,0,0,0,0,0,0,1,0,0,0,0,0,0,0
500,Sun,f1,77.6685,0,1,0,0,0,0,0,0,0,0,0,1,0,0,0,0,0,0,0
501,Sat,aj1,33.495,1,0,0,0,0,0,0,1,0,0,0,0,0,0,0,0,0,0,0
502,Sun,aj4,145.74,0,1,0,0,0,0,0,0,0,0,1,0,0,0,0,0,0,0,0
503,Mon,m4,195.951,0,0,1,0,0,0,0,0,0,0,0,0,0,0,0,0,0,0,1
504,Mon,f4,92.8725,0,0,1,0,0,0,0,0,0,0,0,0,0,0,1,0,0,0,0
505,Mon,aj4,203.112,0,0,1,0,0,0,0,0,0,0,1,0,0,0,0,0,0,0,0
506,Tue,aj1,152.775,0,0,0,1,0,0,0,1,0,0,0,0,0,0,0,0,0,0,0
507,Tue,aj4,529.515,0,0,0,1,0,0,0,0,0,0,1,0,0,0,0,0,0,0,0
508,Fri,m4,321.7725,0,0,0,0,0,0,1,0,0,0,0,0,0,0,0,0,0,0,1
509,Sat,f2,100.485,1,0,0,0,0,0,0,0,0,0,0,0,1,0,0,0,0,0,0
510,Wed,aj2,666.939,0,0,0,0,1,0,0,0,1,0,0,0,0,0,0,0,0,0,0
511,Sat,aj1,225.2775,1,0,0,0,0,0,0,1,0,0,0,0,0,0,0,0,0,0,0
512,Sun,aj4,398.958,0,1,0,0,0,0,0,0,0,0,1,0,0,0,0,0,0,0,0
513,Thu,m2,731.6925,0,0,0,0,0,1,0,0,0,0,0,0,0,0,0,0,1,0,0
514,Sat,f4,429.1665,1,0,0,0,0,0,0,0,0,0,0,0,0,0,1,0,0,0,0
515,Mon,m3,54.0435,0,0,1,0,0,0,0,0,0,0,0,0,0,0,0,0,0,1,0
516,Fri,m4,288.015,0,0,0,0,0,0,1,0,0,0,0,0,0,0,0,0,0,0,1
517,Tue,aj3,206.7975,0,0,0,1,0,0,0,0,0,1,0,0,0,0,0,0,0,0,0
518,Fri,m1,72.933,0,0,0,0,0,0,1,0,0,0,0,0,0,0,0,1,0,0,0
519,Thu,aj3,377.58,0,0,0,0,0,1,0,0,0,1,0,0,0,0,0,0,0,0,0
520,Tue,m4,143.9865,0,0,0,1,0,0,0,0,0,0,0,0,0,0,0,0,0,0,1
521,Wed,m3,523.971,0,0,0,0,1,0,0,0,0,0,0,0,0,0,0,0,0,1,0
522,Wed,f1,235.872,0,0,0,0,1,0,0,0,0,0,0,1,0,0,0,0,0,0,0
523,Tue,f1,132.027,0,0,0,1,0,0,0,0,0,0,0,1,0,0,0,0,0,0,0
524,Sun,aj4,514.773,0,1,0,0,0,0,0,0,0,0,1,0,0,0,0,0,0,0,0
525,Mon,f4,479.9025,0,0,1,0,0,0,0,0,0,0,0,0,0,0,1,0,0,0,0
526,Wed,aj2,164.682,0,0,0,0,1,0,0,0,1,0,0,0,0,0,0,0,0,0,0
527,Sun,aj2,125.706,0,1,0,0,0,0,0,0,1,0,0,0,0,0,0,0,0,0,0
528,Thu,f1,570.78,0,0,0,0,0,1,0,0,0,0,0,1,0,0,0,0,0,0,0
529,Sun,f3,926.9505,0,1,0,0,0,0,0,0,0,0,0,0,0,1,0,0,0,0,0
530,Tue,f2,160.209,0,0,0,1,0,0,0,0,0,0,0,0,1,0,0,0,0,0,0
531,Thu,aj4,728.112,0,0,0,0,0,1,0,0,0,0,1,0,0,0,0,0,0,0,0
532,Wed,f1,240.975,0,0,0,0,1,0,0,0,0,0,0,1,0,0,0,0,0,0,0
533,Tue,m4,154.1295,0,0,0,1,0,0,0,0,0,0,0,0,0,0,0,0,0,0,1
534,Mon,m2,148.68,0,0,1,0,0,0,0,0,0,0,0,0,0,0,0,0,1,0,0
535,Thu,f1,122.5245,0,0,0,0,0,1,0,0,0,0,0,1,0,0,0,0,0,0,0
536,Sat,aj1,77.658,1,0,0,0,0,0,0,1,0,0,0,0,0,0,0,0,0,0,0
537,Thu,m1,102.837,0,0,0,0,0,1,0,0,0,0,0,0,0,0,0,1,0,0,0
538,Mon,f4,306.81,0,0,1,0,0,0,0,0,0,0,0,0,0,0,1,0,0,0,0
539,Fri,f4,551.124,0,0,0,0,0,0,1,0,0,0,0,0,0,0,1,0,0,0,0
540,Tue,aj3,96.642,0,0,0,1,0,0,0,0,0,1,0,0,0,0,0,0,0,0,0
541,Thu,aj1,79.674,0,0,0,0,0,1,0,1,0,0,0,0,0,0,0,0,0,0,0
542,Wed,f2,84.756,0,0,0,0,1,0,0,0,0,0,0,0,1,0,0,0,0,0,0
543,Mon,aj4,118.251,0,0,1,0,0,0,0,0,0,0,1,0,0,0,0,0,0,0,0
544,Sat,aj1,74.76,1,0,0,0,0,0,0,1,0,0,0,0,0,0,0,0,0,0,0
545,Tue,m3,163.002,0,0,0,1,0,0,0,0,0,0,0,0,0,0,0,0,0,1,0
546,Sat,aj2,308.91,1,0,0,0,0,0,0,0,1,0,0,0,0,0,0,0,0,0,0
547,Mon,aj1,575.9775,0,0,1,0,0,0,0,1,0,0,0,0,0,0,0,0,0,0,0
548,Sat,aj4,270.585,1,0,0,0,0,0,0,0,0,0,1,0,0,0,0,0,0,0,0
549,Wed,aj3,416.178,0,0,0,0,1,0,0,0,0,1,0,0,0,0,0,0,0,0,0
550,Sat,f2,180.4005,1,0,0,0,0,0,0,0,0,0,0,0,1,0,0,0,0,0,0
551,Fri,f4,513.2295,0,0,0,0,0,0,1,0,0,0,0,0,0,0,1,0,0,0,0
552,Tue,f1,550.368,0,0,0,1,0,0,0,0,0,0,0,1,0,0,0,0,0,0,0
553,Thu,m1,139.923,0,0,0,0,0,1,0,0,0,0,0,0,0,0,0,1,0,0,0
554,Mon,m4,142.002,0,0,1,0,0,0,0,0,0,0,0,0,0,0,0,0,0,0,1
555,Sun,aj3,118.062,0,1,0,0,0,0,0,0,0,1,0,0,0,0,0,0,0,0,0
556,Mon,f1,151.284,0,0,1,0,0,0,0,0,0,0,0,1,0,0,0,0,0,0,0
557,Wed,aj4,1034.46,0,0,0,0,1,0,0,0,0,0,1,0,0,0,0,0,0,0,0
558,Wed,aj1,262.458,0,0,0,0,1,0,0,1,0,0,0,0,0,0,0,0,0,0,0
559,Fri,m4,228.123,0,0,0,0,0,0,1,0,0,0,0,0,0,0,0,0,0,0,1
560,Thu,m2,203.931,0,0,0,0,0,1,0,0,0,0,0,0,0,0,0,0,1,0,0
561,Mon,f2,936.6,0,0,1,0,0,0,0,0,0,0,0,0,1,0,0,0,0,0,0
562,Wed,aj4,356.328,0,0,0,0,1,0,0,0,0,0,1,0,0,0,0,0,0,0,0
563,Wed,m3,469.413,0,0,0,0,1,0,0,0,0,0,0,0,0,0,0,0,0,1,0
564,Wed,m3,208.425,0,0,0,0,1,0,0,0,0,0,0,0,0,0,0,0,0,1,0
565,Thu,aj3,852.705,0,0,0,0,0,1,0,0,0,1,0,0,0,0,0,0,0,0,0
566,Sun,f1,517.965,0,1,0,0,0,0,0,0,0,0,0,1,0,0,0,0,0,0,0
567,Tue,f1,621.243,0,0,0,1,0,0,0,0,0,0,0,1,0,0,0,0,0,0,0
568,Thu,aj2,586.971,0,0,0,0,0,1,0,0,1,0,0,0,0,0,0,0,0,0,0
569,Sat,m1,543.753,1,0,0,0,0,0,0,0,0,0,0,0,0,0,0,1,0,0,0
570,Mon,f4,430.71,0,0,1,0,0,0,0,0,0,0,0,0,0,0,1,0,0,0,0
571,Tue,aj4,280.035,0,0,0,1,0,0,0,0,0,0,1,0,0,0,0,0,0,0,0
572,Sun,m2,74.4555,0,1,0,0,0,0,0,0,0,0,0,0,0,0,0,0,1,0,0
573,Sun,aj2,152.019,0,1,0,0,0,0,0,0,1,0,0,0,0,0,0,0,0,0,0
574,Fri,m3,451.0275,0,0,0,0,0,0,1,0,0,0,0,0,0,0,0,0,0,1,0
575,Fri,m1,597.6285,0,0,0,0,0,0,1,0,0,0,0,0,0,0,0,1,0,0,0
576,Wed,f3,253.26,0,0,0,0,1,0,0,0,0,0,0,0,0,1,0,0,0,0,0
577,Mon,aj2,133.434,0,0,1,0,0,0,0,0,1,0,0,0,0,0,0,0,0,0,0
578,Tue,m4,269.934,0,0,0,1,0,0,0,0,0,0,0,0,0,0,0,0,0,0,1
579,Fri,m1,145.971,0,0,0,0,0,0,1,0,0,0,0,0,0,0,0,1,0,0,0
580,Mon,aj1,85.743,0,0,1,0,0,0,0,1,0,0,0,0,0,0,0,0,0,0,0
581,Fri,aj1,326.256,0,0,0,0,0,0,1,1,0,0,0,0,0,0,0,0,0,0,0
582,Wed,f2,195.258,0,0,0,0,1,0,0,0,0,0,0,0,1,0,0,0,0,0,0
583,Mon,aj2,75.936,0,0,1,0,0,0,0,0,1,0,0,0,0,0,0,0,0,0,0
584,Sat,aj3,198.639,1,0,0,0,0,0,0,0,0,1,0,0,0,0,0,0,0,0,0
585,Sat,m2,217.182,1,0,0,0,0,0,0,0,0,0,0,0,0,0,0,0,1,0,0
586,Wed,m4,164.871,0,0,0,0,1,0,0,0,0,0,0,0,0,0,0,0,0,0,1
587,Mon,f1,226.065,0,0,1,0,0,0,0,0,0,0,0,1,0,0,0,0,0,0,0
588,Thu,m2,625.905,0,0,0,0,0,1,0,0,0,0,0,0,0,0,0,0,1,0,0
589,Mon,m1,76.755,0,0,1,0,0,0,0,0,0,0,0,0,0,0,0,1,0,0,0
590,Sun,m1,293.139,0,1,0,0,0,0,0,0,0,0,0,0,0,0,0,1,0,0,0
591,Sun,aj4,178.164,0,1,0,0,0,0,0,0,0,0,1,0,0,0,0,0,0,0,0
592,Thu,f1,47.859,0,0,0,0,0,1,0,0,0,0,0,1,0,0,0,0,0,0,0
593,Tue,f1,236.88,0,0,0,1,0,0,0,0,0,0,0,1,0,0,0,0,0,0,0
594,Fri,m2,304.92,0,0,0,0,0,0,1,0,0,0,0,0,0,0,0,0,1,0,0
595,Fri,m1,46.683,0,0,0,0,0,0,1,0,0,0,0,0,0,0,0,1,0,0,0
596,Fri,f3,164.43,0,0,0,0,0,0,1,0,0,0,0,0,0,1,0,0,0,0,0
597,Sun,f3,440.937,0,1,0,0,0,0,0,0,0,0,0,0,0,1,0,0,0,0,0
598,Sat,aj4,193.4625,1,0,0,0,0,0,0,0,0,0,1,0,0,0,0,0,0,0,0
599,Sun,m4,147.672,0,1,0,0,0,0,0,0,0,0,0,0,0,0,0,0,0,0,1
600,Wed,aj3,87.234,0,0,0,0,1,0,0,0,0,1,0,0,0,0,0,0,0,0,0
601,Sat,aj4,68.2395,1,0,0,0,0,0,0,0,0,0,1,0,0,0,0,0,0,0,0
602,Thu,m2,814.38,0,0,0,0,0,1,0,0,0,0,0,0,0,0,0,0,1,0,0
603,Sun,m3,343.413,0,1,0,0,0,0,0,0,0,0,0,0,0,0,0,0,0,1,0
604,Tue,aj1,381.3915,0,0,0,1,0,0,0,1,0,0,0,0,0,0,0,0,0,0,0
605,Fri,f2,133.35,0,0,0,0,0,0,1,0,0,0,0,0,1,0,0,0,0,0,0
606,Sun,f2,394.3275,0,1,0,0,0,0,0,0,0,0,0,0,1,0,0,0,0,0,0
607,Thu,m4,209.118,0,0,0,0,0,1,0,0,0,0,0,0,0,0,0,0,0,0,1
608,Wed,aj3,32.1405,0,0,0,0,1,0,0,0,0,1,0,0,0,0,0,0,0,0,0
609,Thu,aj3,121.569,0,0,0,0,0,1,0,0,0,1,0,0,0,0,0,0,0,0,0
610,Thu,f1,30.408,0,0,0,0,0,1,0,0,0,0,0,1,0,0,0,0,0,0,0
611,Sat,m2,935.2665,1,0,0,0,0,0,0,0,0,0,0,0,0,0,0,0,1,0,0
612,Thu,aj4,293.643,0,0,0,0,0,1,0,0,0,0,1,0,0,0,0,0,0,0,0
613,Sat,aj3,84.9765,1,0,0,0,0,0,0,0,0,1,0,0,0,0,0,0,0,0,0
614,Sun,f1,708.225,0,1,0,0,0,0,0,0,0,0,0,1,0,0,0,0,0,0,0
615,Wed,m3,365.904,0,0,0,0,1,0,0,0,0,0,0,0,0,0,0,0,0,1,0
616,Sun,aj2,457.38,0,1,0,0,0,0,0,0,1,0,0,0,0,0,0,0,0,0,0
617,Thu,m2,461.5275,0,0,0,0,0,1,0,0,0,0,0,0,0,0,0,0,1,0,0
618,Wed,aj3,620.739,0,0,0,0,1,0,0,0,0,1,0,0,0,0,0,0,0,0,0
619,Thu,f1,273.798,0,0,0,0,0,1,0,0,0,0,0,1,0,0,0,0,0,0,0
620,Thu,m4,225.792,0,0,0,0,0,1,0,0,0,0,0,0,0,0,0,0,0,0,1
621,Wed,m3,96.1905,0,0,0,0,1,0,0,0,0,0,0,0,0,0,0,0,0,1,0
622,Thu,aj3,695.2365,0,0,0,0,0,1,0,0,0,1,0,0,0,0,0,0,0,0,0
623,Sat,aj2,874.125,1,0,0,0,0,0,0,0,1,0,0,0,0,0,0,0,0,0,0
624,Sat,f3,95.9175,1,0,0,0,0,0,0,0,0,0,0,0,0,1,0,0,0,0,0
625,Sat,aj4,165.648,1,0,0,0,0,0,0,0,0,0,1,0,0,0,0,0,0,0,0
626,Sat,m2,127.827,1,0,0,0,0,0,0,0,0,0,0,0,0,0,0,0,1,0,0
627,Thu,m2,867.09,0,0,0,0,0,1,0,0,0,0,0,0,0,0,0,0,1,0,0
628,Fri,aj4,167.895,0,0,0,0,0,0,1,0,0,0,1,0,0,0,0,0,0,0,0
629,Sat,aj4,12.6945,1,0,0,0,0,0,0,0,0,0,1,0,0,0,0,0,0,0,0
630,Sat,aj3,673.995,1,0,0,0,0,0,0,0,0,1,0,0,0,0,0,0,0,0,0
631,Tue,m1,246.6765,0,0,0,1,0,0,0,0,0,0,0,0,0,0,0,1,0,0,0
632,Tue,aj2,175.917,0,0,0,1,0,0,0,0,1,0,0,0,0,0,0,0,0,0,0
633,Mon,m3,314.055,0,0,1,0,0,0,0,0,0,0,0,0,0,0,0,0,0,1,0
634,Wed,m3,251.7165,0,0,0,0,1,0,0,0,0,0,0,0,0,0,0,0,0,1,0
635,Tue,aj2,697.935,0,0,0,1,0,0,0,0,1,0,0,0,0,0,0,0,0,0,0
636,Sun,m1,212.7825,0,1,0,0,0,0,0,0,0,0,0,0,0,0,0,1,0,0,0
637,Tue,m3,48.51,0,0,0,1,0,0,0,0,0,0,0,0,0,0,0,0,0,1,0
638,Fri,m1,92.5575,0,0,0,0,0,0,1,0,0,0,0,0,0,0,0,1,0,0,0
639,Wed,f4,165.123,0,0,0,0,1,0,0,0,0,0,0,0,0,0,1,0,0,0,0
640,Sat,f4,311.1885,1,0,0,0,0,0,0,0,0,0,0,0,0,0,1,0,0,0,0
641,Tue,m3,743.82,0,0,0,1,0,0,0,0,0,0,0,0,0,0,0,0,0,1,0
642,Wed,m4,116.907,0,0,0,0,1,0,0,0,0,0,0,0,0,0,0,0,0,0,1
643,Sat,m4,609.168,1,0,0,0,0,0,0,0,0,0,0,0,0,0,0,0,0,0,1
644,Sat,f3,63.2625,1,0,0,0,0,0,0,0,0,0,0,0,0,1,0,0,0,0,0
645,Fri,aj3,182.952,0,0,0,0,0,0,1,0,0,1,0,0,0,0,0,0,0,0,0
646,Sat,m4,442.323,1,0,0,0,0,0,0,0,0,0,0,0,0,0,0,0,0,0,1
647,Wed,m3,35.3115,0,0,0,0,1,0,0,0,0,0,0,0,0,0,0,0,0,1,0
648,Wed,aj2,32.529,0,0,0,0,1,0,0,0,1,0,0,0,0,0,0,0,0,0,0
649,Sun,f4,259.77,0,1,0,0,0,0,0,0,0,0,0,0,0,0,1,0,0,0,0
650,Tue,aj2,397.215,0,0,0,1,0,0,0,0,1,0,0,0,0,0,0,0,0,0,0
651,Tue,aj3,351.603,0,0,0,1,0,0,0,0,0,1,0,0,0,0,0,0,0,0,0
652,Sun,f1,764.19,0,1,0,0,0,0,0,0,0,0,0,1,0,0,0,0,0,0,0
653,Wed,m1,352.674,0,0,0,0,1,0,0,0,0,0,0,0,0,0,0,1,0,0,0
654,Sat,f3,252.756,1,0,0,0,0,0,0,0,0,0,0,0,0,1,0,0,0,0,0
655,Thu,m2,49.4235,0,0,0,0,0,1,0,0,0,0,0,0,0,0,0,0,1,0,0
656,Wed,f4,104.6745,0,0,0,0,1,0,0,0,0,0,0,0,0,0,1,0,0,0,0
657,Fri,aj3,277.6725,0,0,0,0,0,0,1,0,0,1,0,0,0,0,0,0,0,0,0
658,Tue,aj4,146.6325,0,0,0,1,0,0,0,0,0,0,1,0,0,0,0,0,0,0,0
659,Tue,f4,58.2225,0,0,0,1,0,0,0,0,0,0,0,0,0,0,1,0,0,0,0
660,Sun,f1,135.3555,0,1,0,0,0,0,0,0,0,0,0,1,0,0,0,0,0,0,0
661,Wed,aj2,125.979,0,0,0,0,1,0,0,0,1,0,0,0,0,0,0,0,0,0,0
662,Sun,m4,370.125,0,1,0,0,0,0,0,0,0,0,0,0,0,0,0,0,0,0,1
663,Tue,f2,914.55,0,0,0,1,0,0,0,0,0,0,0,0,1,0,0,0,0,0,0
664,Thu,f3,207.48,0,0,0,0,0,1,0,0,0,0,0,0,0,1,0,0,0,0,0
665,Mon,f1,204.246,0,0,1,0,0,0,0,0,0,0,0,1,0,0,0,0,0,0,0
666,Wed,f3,181.881,0,0,0,0,1,0,0,0,0,0,0,0,0,1,0,0,0,0,0
667,Sat,f4,75.474,1,0,0,0,0,0,0,0,0,0,0,0,0,0,1,0,0,0,0
668,Sat,f3,300.573,1,0,0,0,0,0,0,0,0,0,0,0,0,1,0,0,0,0,0
669,Thu,aj3,85.302,0,0,0,0,0,1,0,0,0,1,0,0,0,0,0,0,0,0,0
670,Mon,aj2,588.42,0,0,1,0,0,0,0,0,1,0,0,0,0,0,0,0,0,0,0
671,Sat,m4,196.14,1,0,0,0,0,0,0,0,0,0,0,0,0,0,0,0,0,0,1
672,Sat,m1,231.2415,1,0,0,0,0,0,0,0,0,0,0,0,0,0,0,1,0,0,0
673,Fri,f3,282.576,0,0,0,0,0,0,1,0,0,0,0,0,0,1,0,0,0,0,0
674,Fri,m1,477.54,0,0,0,0,0,0,1,0,0,0,0,0,0,0,0,1,0,0,0
675,Sun,f4,175.917,0,1,0,0,0,0,0,0,0,0,0,0,0,0,1,0,0,0,0
676,Tue,f3,470.988,0,0,0,1,0,0,0,0,0,0,0,0,0,1,0,0,0,0,0
677,Sat,f4,308.574,1,0,0,0,0,0,0,0,0,0,0,0,0,0,1,0,0,0,0
678,Thu,f1,618.975,0,0,0,0,0,1,0,0,0,0,0,1,0,0,0,0,0,0,0
679,Fri,aj2,305.55,0,0,0,0,0,0,1,0,1,0,0,0,0,0,0,0,0,0,0
680,Tue,f2,41.454,0,0,0,1,0,0,0,0,0,0,0,0,1,0,0,0,0,0,0
681,Mon,aj2,36.5505,0,0,1,0,0,0,0,0,1,0,0,0,0,0,0,0,0,0,0
682,Wed,aj2,310.716,0,0,0,0,1,0,0,0,1,0,0,0,0,0,0,0,0,0,0
683,Wed,f4,45.108,0,0,0,0,1,0,0,0,0,0,0,0,0,0,1,0,0,0,0
684,Thu,aj4,145.404,0,0,0,0,0,1,0,0,0,0,1,0,0,0,0,0,0,0,0
685,Tue,aj1,103.11,0,0,0,1,0,0,0,1,0,0,0,0,0,0,0,0,0,0,0
686,Tue,aj1,136.143,0,0,0,1,0,0,0,1,0,0,0,0,0,0,0,0,0,0,0
687,Wed,aj2,667.38,0,0,0,0,1,0,0,0,1,0,0,0,0,0,0,0,0,0,0
688,Wed,m2,153.048,0,0,0,0,1,0,0,0,0,0,0,0,0,0,0,0,1,0,0
689,Fri,f3,211.365,0,0,0,0,0,0,1,0,0,0,0,0,0,1,0,0,0,0,0
690,Fri,aj4,663.2955,0,0,0,0,0,0,1,0,0,0,1,0,0,0,0,0,0,0,0
691,Tue,m2,404.544,0,0,0,1,0,0,0,0,0,0,0,0,0,0,0,0,1,0,0
692,Mon,m1,510.615,0,0,1,0,0,0,0,0,0,0,0,0,0,0,0,1,0,0,0
693,Sun,f2,539.343,0,1,0,0,0,0,0,0,0,0,0,0,1,0,0,0,0,0,0
694,Wed,aj2,497.07,0,0,0,0,1,0,0,0,1,0,0,0,0,0,0,0,0,0,0
695,Tue,aj4,458.6925,0,0,0,1,0,0,0,0,0,0,1,0,0,0,0,0,0,0,0
696,Tue,aj4,113.568,0,0,0,1,0,0,0,0,0,0,1,0,0,0,0,0,0,0,0
697,Sun,aj1,261.198,0,1,0,0,0,0,0,1,0,0,0,0,0,0,0,0,0,0,0
698,Tue,f3,657.531,0,0,0,1,0,0,0,0,0,0,0,0,0,1,0,0,0,0,0
699,Sat,aj2,1023.75,1,0,0,0,0,0,0,0,1,0,0,0,0,0,0,0,0,0,0
700,Thu,f1,507.444,0,0,0,0,0,1,0,0,0,0,0,1,0,0,0,0,0,0,0
701,Wed,m4,101.808,0,0,0,0,1,0,0,0,0,0,0,0,0,0,0,0,0,0,1
702,Wed,f4,207.585,0,0,0,0,1,0,0,0,0,0,0,0,0,0,1,0,0,0,0
703,Sun,aj1,760.4415,0,1,0,0,0,0,0,1,0,0,0,0,0,0,0,0,0,0,0
704,Sat,m1,835.2855,1,0,0,0,0,0,0,0,0,0,0,0,0,0,0,1,0,0,0
705,Fri,m4,527.5095,0,0,0,0,0,0,1,0,0,0,0,0,0,0,0,0,0,0,1
706,Thu,aj4,180.6,0,0,0,0,0,1,0,0,0,0,1,0,0,0,0,0,0,0,0
707,Mon,aj3,72.429,0,0,1,0,0,0,0,0,0,1,0,0,0,0,0,0,0,0,0
708,Sun,aj3,131.208,0,1,0,0,0,0,0,0,0,1,0,0,0,0,0,0,0,0,0
709,Thu,aj3,80.955,0,0,0,0,0,1,0,0,0,1,0,0,0,0,0,0,0,0,0
710,Thu,f4,507.906,0,0,0,0,0,1,0,0,0,0,0,0,0,0,1,0,0,0,0
711,Tue,m3,317.226,0,0,0,1,0,0,0,0,0,0,0,0,0,0,0,0,0,1,0
712,Tue,f3,733.6035,0,0,0,1,0,0,0,0,0,0,0,0,0,1,0,0,0,0,0
713,Mon,f1,130.8825,0,0,1,0,0,0,0,0,0,0,0,1,0,0,0,0,0,0,0
714,Thu,aj4,829.08,0,0,0,0,0,1,0,0,0,0,1,0,0,0,0,0,0,0,0
715,Wed,f1,187.32,0,0,0,0,1,0,0,0,0,0,0,1,0,0,0,0,0,0,0
716,Thu,m4,525.231,0,0,0,0,0,1,0,0,0,0,0,0,0,0,0,0,0,0,1
717,Sat,aj3,37.611,1,0,0,0,0,0,0,0,0,1,0,0,0,0,0,0,0,0,0
718,Sun,f3,142.947,0,1,0,0,0,0,0,0,0,0,0,0,0,1,0,0,0,0,0
719,Fri,aj3,110.124,0,0,0,0,0,0,1,0,0,1,0,0,0,0,0,0,0,0,0
720,Sat,f1,187.866,1,0,0,0,0,0,0,0,0,0,0,1,0,0,0,0,0,0,0
721,Fri,aj3,856.4535,0,0,0,0,0,0,1,0,0,1,0,0,0,0,0,0,0,0,0
722,Mon,m3,138.978,0,0,1,0,0,0,0,0,0,0,0,0,0,0,0,0,0,1,0
723,Fri,aj2,270.2595,0,0,0,0,0,0,1,0,1,0,0,0,0,0,0,0,0,0,0
724,Mon,f1,98.028,0,0,1,0,0,0,0,0,0,0,0,1,0,0,0,0,0,0,0
725,Wed,f1,239.4,0,0,0,0,1,0,0,0,0,0,0,1,0,0,0,0,0,0,0
726,Tue,aj1,175.0455,0,0,0,1,0,0,0,1,0,0,0,0,0,0,0,0,0,0,0
727,Tue,m1,732.27,0,0,0,1,0,0,0,0,0,0,0,0,0,0,0,1,0,0,0
728,Sat,m2,408.492,1,0,0,0,0,0,0,0,0,0,0,0,0,0,0,0,1,0,0
729,Sat,m2,383.523,1,0,0,0,0,0,0,0,0,0,0,0,0,0,0,0,1,0,0
730,Fri,m1,93.744,0,0,0,0,0,0,1,0,0,0,0,0,0,0,0,1,0,0,0
731,Thu,f4,176.4,0,0,0,0,0,1,0,0,0,0,0,0,0,0,1,0,0,0,0
732,Fri,f2,20.685,0,0,0,0,0,0,1,0,0,0,0,0,1,0,0,0,0,0,0
733,Thu,aj4,557.718,0,0,0,0,0,1,0,0,0,0,1,0,0,0,0,0,0,0,0
734,Fri,m1,56.406,0,0,0,0,0,0,1,0,0,0,0,0,0,0,0,1,0,0,0
735,Sun,m2,860.475,0,1,0,0,0,0,0,0,0,0,0,0,0,0,0,0,1,0,0
736,Sat,m3,596.82,1,0,0,0,0,0,0,0,0,0,0,0,0,0,0,0,0,1,0
737,Tue,aj4,616.98,0,0,0,1,0,0,0,0,0,0,1,0,0,0,0,0,0,0,0
738,Sat,aj2,769.104,1,0,0,0,0,0,0,0,1,0,0,0,0,0,0,0,0,0,0
739,Wed,m3,887.922,0,0,0,0,1,0,0,0,0,0,0,0,0,0,0,0,0,1,0
740,Sat,m3,408.7335,1,0,0,0,0,0,0,0,0,0,0,0,0,0,0,0,0,1,0
741,Mon,aj2,89.0715,0,0,1,0,0,0,0,0,1,0,0,0,0,0,0,0,0,0,0
742,Tue,f2,150.423,0,0,0,1,0,0,0,0,0,0,0,0,1,0,0,0,0,0,0
743,Wed,f3,79.149,0,0,0,0,1,0,0,0,0,0,0,0,0,1,0,0,0,0,0
744,Wed,aj1,266.028,0,0,0,0,1,0,0,1,0,0,0,0,0,0,0,0,0,0,0
745,Sat,f1,40.341,1,0,0,0,0,0,0,0,0,0,0,1,0,0,0,0,0,0,0
746,Tue,aj1,684.915,0,0,0,1,0,0,0,1,0,0,0,0,0,0,0,0,0,0,0
747,Wed,aj4,55.2825,0,0,0,0,1,0,0,0,0,0,1,0,0,0,0,0,0,0,0
748,Tue,m4,116.1405,0,0,0,1,0,0,0,0,0,0,0,0,0,0,0,0,0,0,1
749,Tue,aj2,597.0405,0,0,0,1,0,0,0,0,1,0,0,0,0,0,0,0,0,0,0
750,Thu,m2,93.744,0,0,0,0,0,1,0,0,0,0,0,0,0,0,0,0,1,0,0
751,Sun,f1,143.22,0,1,0,0,0,0,0,0,0,0,0,1,0,0,0,0,0,0,0
752,Fri,f4,182.91,0,0,0,0,0,0,1,0,0,0,0,0,0,0,1,0,0,0,0
753,Thu,aj4,384.72,0,0,0,0,0,1,0,0,0,0,1,0,0,0,0,0,0,0,0
754,Fri,aj4,267.3405,0,0,0,0,0,0,1,0,0,0,1,0,0,0,0,0,0,0,0
755,Sat,m2,817.236,1,0,0,0,0,0,0,0,0,0,0,0,0,0,0,0,1,0,0
756,Sun,f3,300.216,0,1,0,0,0,0,0,0,0,0,0,0,0,1,0,0,0,0,0
757,Fri,aj2,608.076,0,0,0,0,0,0,1,0,1,0,0,0,0,0,0,0,0,0,0
758,Wed,f4,197.925,0,0,0,0,1,0,0,0,0,0,0,0,0,0,1,0,0,0,0
759,Mon,m4,232.638,0,0,1,0,0,0,0,0,0,0,0,0,0,0,0,0,0,0,1
760,Mon,f2,810.6,0,0,1,0,0,0,0,0,0,0,0,0,1,0,0,0,0,0,0
761,Thu,aj4,757.365,0,0,0,0,0,1,0,0,0,0,1,0,0,0,0,0,0,0,0
762,Sun,aj3,536.592,0,1,0,0,0,0,0,0,0,1,0,0,0,0,0,0,0,0,0
763,Tue,m4,56.1225,0,0,0,1,0,0,0,0,0,0,0,0,0,0,0,0,0,0,1
764,Sun,aj3,233.1,0,1,0,0,0,0,0,0,0,1,0,0,0,0,0,0,0,0,0
765,Tue,m1,801.864,0,0,0,1,0,0,0,0,0,0,0,0,0,0,0,1,0,0,0
766,Sat,aj1,239.589,1,0,0,0,0,0,0,1,0,0,0,0,0,0,0,0,0,0,0
767,Wed,f2,86.247,0,0,0,0,1,0,0,0,0,0,0,0,1,0,0,0,0,0,0
768,Sat,m2,401.688,1,0,0,0,0,0,0,0,0,0,0,0,0,0,0,0,1,0,0
769,Tue,aj2,72.009,0,0,0,1,0,0,0,0,1,0,0,0,0,0,0,0,0,0,0
770,Tue,f4,401.268,0,0,0,1,0,0,0,0,0,0,0,0,0,0,1,0,0,0,0
771,Wed,f4,631.1445,0,0,0,0,1,0,0,0,0,0,0,0,0,0,1,0,0,0,0
772,Sun,f3,499.7265,0,1,0,0,0,0,0,0,0,0,0,0,0,1,0,0,0,0,0
773,Wed,f1,55.041,0,0,0,0,1,0,0,0,0,0,0,1,0,0,0,0,0,0,0
774,Thu,aj3,137.865,0,0,0,0,0,1,0,0,0,1,0,0,0,0,0,0,0,0,0
775,Tue,aj3,151.515,0,0,0,1,0,0,0,0,0,1,0,0,0,0,0,0,0,0,0
776,Tue,m1,480.0285,0,0,0,1,0,0,0,0,0,0,0,0,0,0,0,1,0,0,0
777,Thu,aj1,98.049,0,0,0,0,0,1,0,1,0,0,0,0,0,0,0,0,0,0,0
778,Wed,m3,132.5625,0,0,0,0,1,0,0,0,0,0,0,0,0,0,0,0,0,1,0
779,Thu,aj4,830.3715,0,0,0,0,0,1,0,0,0,0,1,0,0,0,0,0,0,0,0
780,Tue,f3,183.12,0,0,0,1,0,0,0,0,0,0,0,0,0,1,0,0,0,0,0
781,Mon,f2,397.992,0,0,1,0,0,0,0,0,0,0,0,0,1,0,0,0,0,0,0
782,Tue,f1,32.151,0,0,0,1,0,0,0,0,0,0,0,1,0,0,0,0,0,0,0
783,Sun,m1,369.684,0,1,0,0,0,0,0,0,0,0,0,0,0,0,0,1,0,0,0
784,Sun,f4,53.34,0,1,0,0,0,0,0,0,0,0,0,0,0,0,1,0,0,0,0
785,Mon,f1,548.163,0,0,1,0,0,0,0,0,0,0,0,1,0,0,0,0,0,0,0
786,Tue,f3,603.876,0,0,0,1,0,0,0,0,0,0,0,0,0,1,0,0,0,0,0
787,Wed,aj3,57.6975,0,0,0,0,1,0,0,0,0,1,0,0,0,0,0,0,0,0,0
788,Mon,aj2,190.4805,0,0,1,0,0,0,0,0,1,0,0,0,0,0,0,0,0,0,0
789,Thu,aj3,432.9885,0,0,0,0,0,1,0,0,0,1,0,0,0,0,0,0,0,0,0
790,Sun,m1,48.7305,0,1,0,0,0,0,0,0,0,0,0,0,0,0,0,1,0,0,0
791,Fri,f3,287.91,0,0,0,0,0,0,1,0,0,0,0,0,0,1,0,0,0,0,0
792,Tue,aj2,1022.385,0,0,0,1,0,0,0,0,1,0,0,0,0,0,0,0,0,0,0
793,Wed,f4,680.61,0,0,0,0,1,0,0,0,0,0,0,0,0,0,1,0,0,0,0
794,Tue,f4,97.881,0,0,0,1,0,0,0,0,0,0,0,0,0,0,1,0,0,0,0
795,Fri,m2,57.078,0,0,0,0,0,0,1,0,0,0,0,0,0,0,0,0,1,0,0
796,Thu,aj4,63.9135,0,0,0,0,0,1,0,0,0,0,1,0,0,0,0,0,0,0,0
797,Fri,f4,257.145,0,0,0,0,0,0,1,0,0,0,0,0,0,0,1,0,0,0,0
798,Fri,m2,97.419,0,0,0,0,0,0,1,0,0,0,0,0,0,0,0,0,1,0,0
799,Mon,f2,455.1225,0,0,1,0,0,0,0,0,0,0,0,0,1,0,0,0,0,0,0
800,Sat,aj2,144.963,1,0,0,0,0,0,0,0,1,0,0,0,0,0,0,0,0,0,0
801,Sun,m1,253.68,0,1,0,0,0,0,0,0,0,0,0,0,0,0,0,1,0,0,0
802,Sat,m3,495.3165,1,0,0,0,0,0,0,0,0,0,0,0,0,0,0,0,0,1,0
803,Mon,m1,462.672,0,0,1,0,0,0,0,0,0,0,0,0,0,0,0,1,0,0,0
804,Sat,f4,714.3255,1,0,0,0,0,0,0,0,0,0,0,0,0,0,1,0,0,0,0
805,Sun,m3,325.374,0,1,0,0,0,0,0,0,0,0,0,0,0,0,0,0,0,1,0
806,Wed,aj2,195.678,0,0,0,0,1,0,0,0,1,0,0,0,0,0,0,0,0,0,0
807,Tue,aj1,210.966,0,0,0,1,0,0,0,1,0,0,0,0,0,0,0,0,0,0,0
808,Mon,aj2,18.6375,0,0,1,0,0,0,0,0,1,0,0,0,0,0,0,0,0,0,0
809,Thu,aj4,652.89,0,0,0,0,0,1,0,0,0,0,1,0,0,0,0,0,0,0,0
810,Fri,m2,90.3,0,0,0,0,0,0,1,0,0,0,0,0,0,0,0,0,1,0,0
811,Sun,f4,422.73,0,1,0,0,0,0,0,0,0,0,0,0,0,0,1,0,0,0,0
812,Fri,f2,341.0925,0,0,0,0,0,0,1,0,0,0,0,0,1,0,0,0,0,0,0
813,Fri,m3,99.9075,0,0,0,0,0,0,1,0,0,0,0,0,0,0,0,0,0,1,0
814,Thu,aj4,408.408,0,0,0,0,0,1,0,0,0,0,1,0,0,0,0,0,0,0,0
815,Thu,m2,446.964,0,0,0,0,0,1,0,0,0,0,0,0,0,0,0,0,1,0,0
816,Wed,aj3,333.984,0,0,0,0,1,0,0,0,0,1,0,0,0,0,0,0,0,0,0
817,Sat,aj3,284.592,1,0,0,0,0,0,0,0,0,1,0,0,0,0,0,0,0,0,0
818,Sun,aj4,403.872,0,1,0,0,0,0,0,0,0,0,1,0,0,0,0,0,0,0,0
819,Sun,f1,247.59,0,1,0,0,0,0,0,0,0,0,0,1,0,0,0,0,0,0,0
820,Mon,m4,222.138,0,0,1,0,0,0,0,0,0,0,0,0,0,0,0,0,0,0,1
821,Sun,f4,100.128,0,1,0,0,0,0,0,0,0,0,0,0,0,0,1,0,0,0,0
822,Thu,f1,10.6785,0,0,0,0,0,1,0,0,0,0,0,1,0,0,0,0,0,0,0
823,Mon,m1,216.4365,0,0,1,0,0,0,0,0,0,0,0,0,0,0,0,1,0,0,0
824,Thu,f2,441.588,0,0,0,0,0,1,0,0,0,0,0,0,1,0,0,0,0,0,0
825,Tue,aj4,92.442,0,0,0,1,0,0,0,0,0,0,1,0,0,0,0,0,0,0,0
826,Mon,aj4,681.4395,0,0,1,0,0,0,0,0,0,0,1,0,0,0,0,0,0,0,0
827,Tue,m4,130.032,0,0,0,1,0,0,0,0,0,0,0,0,0,0,0,0,0,0,1
828,Sun,m4,681.975,0,1,0,0,0,0,0,0,0,0,0,0,0,0,0,0,0,0,1
829,Tue,m4,779.31,0,0,0,1,0,0,0,0,0,0,0,0,0,0,0,0,0,0,1
830,Thu,aj4,88.704,0,0,0,0,0,1,0,0,0,0,1,0,0,0,0,0,0,0,0
831,Mon,f4,262.794,0,0,1,0,0,0,0,0,0,0,0,0,0,0,1,0,0,0,0
832,Wed,aj2,99.54,0,0,0,0,1,0,0,0,1,0,0,0,0,0,0,0,0,0,0
833,Thu,f2,95.865,0,0,0,0,0,1,0,0,0,0,0,0,1,0,0,0,0,0,0
834,Tue,m2,299.3655,0,0,0,1,0,0,0,0,0,0,0,0,0,0,0,0,1,0,0
835,Tue,m4,54.999,0,0,0,1,0,0,0,0,0,0,0,0,0,0,0,0,0,0,1
836,Wed,aj2,202.335,0,0,0,0,1,0,0,0,1,0,0,0,0,0,0,0,0,0,0
837,Wed,aj1,281.169,0,0,0,0,1,0,0,1,0,0,0,0,0,0,0,0,0,0,0
838,Tue,aj2,586.635,0,0,0,1,0,0,0,0,1,0,0,0,0,0,0,0,0,0,0
839,Tue,aj2,184.086,0,0,0,1,0,0,0,0,1,0,0,0,0,0,0,0,0,0,0
840,Fri,f3,163.611,0,0,0,0,0,0,1,0,0,0,0,0,0,1,0,0,0,0,0
841,Thu,f4,63.315,0,0,0,0,0,1,0,0,0,0,0,0,0,0,1,0,0,0,0
842,Sat,m1,82.887,1,0,0,0,0,0,0,0,0,0,0,0,0,0,0,1,0,0,0
843,Wed,f2,31.227,0,0,0,0,1,0,0,0,0,0,0,0,1,0,0,0,0,0,0
844,Sat,aj4,22.386,1,0,0,0,0,0,0,0,0,0,1,0,0,0,0,0,0,0,0
845,Wed,aj4,295.407,0,0,0,0,1,0,0,0,0,0,1,0,0,0,0,0,0,0,0
846,Sun,aj4,76.923,0,1,0,0,0,0,0,0,0,0,1,0,0,0,0,0,0,0,0
847,Wed,aj4,23.499,0,0,0,0,1,0,0,0,0,0,1,0,0,0,0,0,0,0,0
848,Tue,aj1,688.716,0,0,0,1,0,0,0,1,0,0,0,0,0,0,0,0,0,0,0
849,Sat,aj3,624.33,1,0,0,0,0,0,0,0,0,1,0,0,0,0,0,0,0,0,0
850,Fri,aj4,77.805,0,0,0,0,0,0,1,0,0,0,1,0,0,0,0,0,0,0,0
851,Tue,f3,206.808,0,0,0,1,0,0,0,0,0,0,0,0,0,1,0,0,0,0,0
852,Mon,aj2,390.9465,0,0,1,0,0,0,0,0,1,0,0,0,0,0,0,0,0,0,0
853,Mon,f4,554.295,0,0,1,0,0,0,0,0,0,0,0,0,0,0,1,0,0,0,0
854,Wed,aj3,503.7375,0,0,0,0,1,0,0,0,0,1,0,0,0,0,0,0,0,0,0
855,Sat,f3,345.0195,1,0,0,0,0,0,0,0,0,0,0,0,0,1,0,0,0,0,0
856,Tue,f3,177.408,0,0,0,1,0,0,0,0,0,0,0,0,0,1,0,0,0,0,0
857,Thu,m1,118.902,0,0,0,0,0,1,0,0,0,0,0,0,0,0,0,1,0,0,0
858,Fri,f3,362.817,0,0,0,0,0,0,1,0,0,0,0,0,0,1,0,0,0,0,0
859,Wed,aj3,450.1035,0,0,0,0,1,0,0,0,0,1,0,0,0,0,0,0,0,0,0
860,Wed,f3,90.5835,0,0,0,0,1,0,0,0,0,0,0,0,0,1,0,0,0,0,0
861,Tue,aj1,26.796,0,0,0,1,0,0,0,1,0,0,0,0,0,0,0,0,0,0,0
862,Sun,m3,106.596,0,1,0,0,0,0,0,0,0,0,0,0,0,0,0,0,0,1,0
863,Sat,aj2,375.3645,1,0,0,0,0,0,0,0,1,0,0,0,0,0,0,0,0,0,0
864,Tue,aj1,250.7085,0,0,0,1,0,0,0,1,0,0,0,0,0,0,0,0,0,0,0
865,Sat,aj4,106.5015,1,0,0,0,0,0,0,0,0,0,1,0,0,0,0,0,0,0,0
866,Fri,m2,760.452,0,0,0,0,0,0,1,0,0,0,0,0,0,0,0,0,1,0,0
867,Thu,aj3,131.922,0,0,0,0,0,1,0,0,0,1,0,0,0,0,0,0,0,0,0
868,Tue,aj1,76.5765,0,0,0,1,0,0,0,1,0,0,0,0,0,0,0,0,0,0,0
869,Sun,aj1,271.278,0,1,0,0,0,0,0,1,0,0,0,0,0,0,0,0,0,0,0
870,Sat,f3,182.427,1,0,0,0,0,0,0,0,0,0,0,0,0,1,0,0,0,0,0
871,Wed,m2,59.325,0,0,0,0,1,0,0,0,0,0,0,0,0,0,0,0,1,0,0
872,Mon,aj4,225.015,0,0,1,0,0,0,0,0,0,0,1,0,0,0,0,0,0,0,0
873,Fri,aj3,561.078,0,0,0,0,0,0,1,0,0,1,0,0,0,0,0,0,0,0,0
874,Tue,m3,97.818,0,0,0,1,0,0,0,0,0,0,0,0,0,0,0,0,0,1,0
875,Fri,m2,548.184,0,0,0,0,0,0,1,0,0,0,0,0,0,0,0,0,1,0,0
876,Tue,f2,54.9675,0,0,0,1,0,0,0,0,0,0,0,0,1,0,0,0,0,0,0
877,Mon,f4,41.7375,0,0,1,0,0,0,0,0,0,0,0,0,0,0,1,0,0,0,0
878,Thu,m3,756.168,0,0,0,0,0,1,0,0,0,0,0,0,0,0,0,0,0,1,0
879,Sat,aj3,101.64,1,0,0,0,0,0,0,0,0,1,0,0,0,0,0,0,0,0,0
880,Tue,aj1,348.705,0,0,0,1,0,0,0,1,0,0,0,0,0,0,0,0,0,0,0
881,Sat,m4,85.512,1,0,0,0,0,0,0,0,0,0,0,0,0,0,0,0,0,0,1
882,Wed,f3,335.895,0,0,0,0,1,0,0,0,0,0,0,0,0,1,0,0,0,0,0
883,Sat,m4,216.846,1,0,0,0,0,0,0,0,0,0,0,0,0,0,0,0,0,0,1
884,Tue,m3,175.014,0,0,0,1,0,0,0,0,0,0,0,0,0,0,0,0,0,1,0
885,Sun,aj2,335.013,0,1,0,0,0,0,0,0,1,0,0,0,0,0,0,0,0,0,0
886,Tue,f1,92.295,0,0,0,1,0,0,0,0,0,0,0,1,0,0,0,0,0,0,0
887,Sat,m3,771.435,1,0,0,0,0,0,0,0,0,0,0,0,0,0,0,0,0,1,0
888,Wed,m2,102.396,0,0,0,0,1,0,0,0,0,0,0,0,0,0,0,0,1,0,0
889,Sun,m3,807.66,0,1,0,0,0,0,0,0,0,0,0,0,0,0,0,0,0,1,0
890,Thu,f3,439.215,0,0,0,0,0,1,0,0,0,0,0,0,0,1,0,0,0,0,0
891,Thu,f1,486.444,0,0,0,0,0,1,0,0,0,0,0,1,0,0,0,0,0,0,0
892,Sat,m1,485.5725,1,0,0,0,0,0,0,0,0,0,0,0,0,0,0,1,0,0,0
893,Wed,m1,148.995,0,0,0,0,1,0,0,0,0,0,0,0,0,0,0,1,0,0,0
894,Wed,f1,317.835,0,0,0,0,1,0,0,0,0,0,0,1,0,0,0,0,0,0,0
895,Mon,aj4,832.944,0,0,1,0,0,0,0,0,0,0,1,0,0,0,0,0,0,0,0
896,Fri,aj3,446.439,0,0,0,0,0,0,1,0,0,1,0,0,0,0,0,0,0,0,0
897,Tue,f1,297.801,0,0,0,1,0,0,0,0,0,0,0,1,0,0,0,0,0,0,0
898,Sat,m1,629.16,1,0,0,0,0,0,0,0,0,0,0,0,0,0,0,1,0,0,0
899,Sat,f2,331.128,1,0,0,0,0,0,0,0,0,0,0,0,1,0,0,0,0,0,0
900,Mon,aj2,423.738,0,0,1,0,0,0,0,0,1,0,0,0,0,0,0,0,0,0,0
901,Sat,f2,193.074,1,0,0,0,0,0,0,0,0,0,0,0,1,0,0,0,0,0,0
902,Tue,m4,145.5825,0,0,0,1,0,0,0,0,0,0,0,0,0,0,0,0,0,0,1
903,Mon,aj4,84.7455,0,0,1,0,0,0,0,0,0,0,1,0,0,0,0,0,0,0,0
904,Thu,f2,122.472,0,0,0,0,0,1,0,0,0,0,0,0,1,0,0,0,0,0,0
905,Sun,m4,329.196,0,1,0,0,0,0,0,0,0,0,0,0,0,0,0,0,0,0,1
906,Sat,f2,888.405,1,0,0,0,0,0,0,0,0,0,0,0,1,0,0,0,0,0,0
907,Sun,m4,435.12,0,1,0,0,0,0,0,0,0,0,0,0,0,0,0,0,0,0,1
908,Wed,m4,167.034,0,0,0,0,1,0,0,0,0,0,0,0,0,0,0,0,0,0,1
909,Sun,aj4,514.605,0,1,0,0,0,0,0,0,0,0,1,0,0,0,0,0,0,0,0
910,Wed,m4,91.8225,0,0,0,0,1,0,0,0,0,0,0,0,0,0,0,0,0,0,1
911,Sat,aj3,235.746,1,0,0,0,0,0,0,0,0,1,0,0,0,0,0,0,0,0,0
912,Thu,f1,782.208,0,0,0,0,0,1,0,0,0,0,0,1,0,0,0,0,0,0,0
913,Thu,aj4,431.256,0,0,0,0,0,1,0,0,0,0,1,0,0,0,0,0,0,0,0
914,Mon,f4,313.74,0,0,1,0,0,0,0,0,0,0,0,0,0,0,1,0,0,0,0
915,Sat,f1,223.587,1,0,0,0,0,0,0,0,0,0,0,1,0,0,0,0,0,0,0
916,Thu,m2,44.9925,0,0,0,0,0,1,0,0,0,0,0,0,0,0,0,0,1,0,0
917,Mon,m2,397.614,0,0,1,0,0,0,0,0,0,0,0,0,0,0,0,0,1,0,0
918,Fri,f4,217.2555,0,0,0,0,0,0,1,0,0,0,0,0,0,0,1,0,0,0,0
919,Sat,m1,82.719,1,0,0,0,0,0,0,0,0,0,0,0,0,0,0,1,0,0,0
920,Sun,m2,338.2155,0,1,0,0,0,0,0,0,0,0,0,0,0,0,0,0,1,0,0
921,Fri,f2,103.131,0,0,0,0,0,0,1,0,0,0,0,0,1,0,0,0,0,0,0
922,Fri,f4,26.733,0,0,0,0,0,0,1,0,0,0,0,0,0,0,1,0,0,0,0
923,Thu,aj2,611.079,0,0,0,0,0,1,0,0,1,0,0,0,0,0,0,0,0,0,0
924,Thu,m2,221.886,0,0,0,0,0,1,0,0,0,0,0,0,0,0,0,0,1,0,0
925,Thu,aj2,57.876,0,0,0,0,0,1,0,0,1,0,0,0,0,0,0,0,0,0,0
926,Fri,f3,92.7255,0,0,0,0,0,0,1,0,0,0,0,0,0,1,0,0,0,0,0
927,Sun,aj2,374.409,0,1,0,0,0,0,0,0,1,0,0,0,0,0,0,0,0,0,0
928,Fri,f3,833.9625,0,0,0,0,0,0,1,0,0,0,0,0,0,1,0,0,0,0,0
929,Sat,m1,53.151,1,0,0,0,0,0,0,0,0,0,0,0,0,0,0,1,0,0,0
930,Sun,m4,629.496,0,1,0,0,0,0,0,0,0,0,0,0,0,0,0,0,0,0,1
931,Sat,f1,175.035,1,0,0,0,0,0,0,0,0,0,0,1,0,0,0,0,0,0,0
932,Wed,f4,781.62,0,0,0,0,1,0,0,0,0,0,0,0,0,0,1,0,0,0,0
933,Sun,aj3,470.988,0,1,0,0,0,0,0,0,0,1,0,0,0,0,0,0,0,0,0
934,Thu,aj1,397.845,0,0,0,0,0,1,0,1,0,0,0,0,0,0,0,0,0,0,0
935,Thu,aj4,270.018,0,0,0,0,0,1,0,0,0,0,1,0,0,0,0,0,0,0,0
936,Sat,aj1,579.8415,1,0,0,0,0,0,0,1,0,0,0,0,0,0,0,0,0,0,0
937,Sat,m4,469.77,1,0,0,0,0,0,0,0,0,0,0,0,0,0,0,0,0,0,1
938,Sun,f3,290.0835,0,1,0,0,0,0,0,0,0,0,0,0,0,1,0,0,0,0,0
939,Thu,m3,360.927,0,0,0,0,0,1,0,0,0,0,0,0,0,0,0,0,0,1,0
940,Sat,m1,279.384,1,0,0,0,0,0,0,0,0,0,0,0,0,0,0,1,0,0,0
941,Wed,m4,943.299,0,0,0,0,1,0,0,0,0,0,0,0,0,0,0,0,0,0,1
942,Sat,aj3,479.64,1,0,0,0,0,0,0,0,0,1,0,0,0,0,0,0,0,0,0
943,Tue,f3,266.6475,0,0,0,1,0,0,0,0,0,0,0,0,0,1,0,0,0,0,0
944,Thu,m4,74.088,0,0,0,0,0,1,0,0,0,0,0,0,0,0,0,0,0,0,1
945,Sat,aj1,690.018,1,0,0,0,0,0,0,1,0,0,0,0,0,0,0,0,0,0,0
946,Tue,m4,176.925,0,0,0,1,0,0,0,0,0,0,0,0,0,0,0,0,0,0,1
947,Sun,f1,56.469,0,1,0,0,0,0,0,0,0,0,0,1,0,0,0,0,0,0,0
948,Wed,f1,188.0025,0,0,0,0,1,0,0,0,0,0,0,1,0,0,0,0,0,0,0
949,Sun,f4,222.012,0,1,0,0,0,0,0,0,0,0,0,0,0,0,1,0,0,0,0
950,Thu,f3,125.7165,0,0,0,0,0,1,0,0,0,0,0,0,0,1,0,0,0,0,0
951,Wed,aj2,68.985,0,0,0,0,1,0,0,0,1,0,0,0,0,0,0,0,0,0,0
952,Mon,f4,263.97,0,0,1,0,0,0,0,0,0,0,0,0,0,0,1,0,0,0,0
953,Sun,aj2,88.368,0,1,0,0,0,0,0,0,1,0,0,0,0,0,0,0,0,0,0
954,Sat,f2,415.233,1,0,0,0,0,0,0,0,0,0,0,0,1,0,0,0,0,0,0
955,Sun,aj1,312.8895,0,1,0,0,0,0,0,1,0,0,0,0,0,0,0,0,0,0,0
956,Thu,aj2,477.1305,0,0,0,0,0,1,0,0,1,0,0,0,0,0,0,0,0,0,0
957,Thu,f1,289.926,0,0,0,0,0,1,0,0,0,0,0,1,0,0,0,0,0,0,0
958,Wed,aj2,165.9,0,0,0,0,1,0,0,0,1,0,0,0,0,0,0,0,0,0,0
959,Tue,f3,932.337,0,0,0,1,0,0,0,0,0,0,0,0,0,1,0,0,0,0,0
960,Mon,m3,96.579,0,0,1,0,0,0,0,0,0,0,0,0,0,0,0,0,0,1,0
961,Tue,f1,43.869,0,0,0,1,0,0,0,0,0,0,0,1,0,0,0,0,0,0,0
962,Tue,m3,16.275,0,0,0,1,0,0,0,0,0,0,0,0,0,0,0,0,0,1,0
963,Sat,m4,304.983,1,0,0,0,0,0,0,0,0,0,0,0,0,0,0,0,0,0,1
964,Sat,aj4,69.993,1,0,0,0,0,0,0,0,0,0,1,0,0,0,0,0,0,0,0
965,Sat,m1,80.367,1,0,0,0,0,0,0,0,0,0,0,0,0,0,0,1,0,0,0
966,Mon,m1,314.685,0,0,1,0,0,0,0,0,0,0,0,0,0,0,0,1,0,0,0
967,Sun,aj2,255.1815,0,1,0,0,0,0,0,0,1,0,0,0,0,0,0,0,0,0,0
968,Mon,m4,49.77,0,0,1,0,0,0,0,0,0,0,0,0,0,0,0,0,0,0,1
969,Mon,m2,181.0725,0,0,1,0,0,0,0,0,0,0,0,0,0,0,0,0,1,0,0
970,Tue,m2,888.615,0,0,0,1,0,0,0,0,0,0,0,0,0,0,0,0,1,0,0
971,Sun,f2,271.2885,0,1,0,0,0,0,0,0,0,0,0,0,1,0,0,0,0,0,0
972,Sat,aj4,640.038,1,0,0,0,0,0,0,0,0,0,1,0,0,0,0,0,0,0,0
973,Mon,f2,252.252,0,0,1,0,0,0,0,0,0,0,0,0,1,0,0,0,0,0,0
974,Thu,f1,180.873,0,0,0,0,0,1,0,0,0,0,0,1,0,0,0,0,0,0,0
975,Wed,m1,104.832,0,0,0,0,1,0,0,0,0,0,0,0,0,0,0,1,0,0,0
976,Mon,m1,313.572,0,0,1,0,0,0,0,0,0,0,0,0,0,0,0,1,0,0,0
977,Tue,f4,167.58,0,0,0,1,0,0,0,0,0,0,0,0,0,0,1,0,0,0,0
978,Sun,m2,26.7225,0,1,0,0,0,0,0,0,0,0,0,0,0,0,0,0,1,0,0
979,Mon,f1,71.1585,0,0,1,0,0,0,0,0,0,0,0,1,0,0,0,0,0,0,0
980,Sat,aj3,250.278,1,0,0,0,0,0,0,0,0,1,0,0,0,0,0,0,0,0,0
981,Wed,aj3,244.23,0,0,0,0,1,0,0,0,0,1,0,0,0,0,0,0,0,0,0
982,Thu,m2,921.186,0,0,0,0,0,1,0,0,0,0,0,0,0,0,0,0,1,0,0
983,Wed,aj3,734.706,0,0,0,0,1,0,0,0,0,1,0,0,0,0,0,0,0,0,0
984,Wed,aj2,708.3195,0,0,0,0,1,0,0,0,1,0,0,0,0,0,0,0,0,0,0
985,Thu,f1,334.4775,0,0,0,0,0,1,0,0,0,0,0,1,0,0,0,0,0,0,0
986,Mon,f3,30.996,0,0,1,0,0,0,0,0,0,0,0,0,0,1,0,0,0,0,0
987,Thu,aj1,520.8,0,0,0,0,0,1,0,1,0,0,0,0,0,0,0,0,0,0,0
988,Fri,m4,864.57,0,0,0,0,0,0,1,0,0,0,0,0,0,0,0,0,0,0,1
989,Mon,aj4,633.108,0,0,1,0,0,0,0,0,0,0,1,0,0,0,0,0,0,0,0
990,Fri,m3,296.94,0,0,0,0,0,0,1,0,0,0,0,0,0,0,0,0,0,1,0
991,Thu,aj4,804.3,0,0,0,0,0,1,0,0,0,0,1,0,0,0,0,0,0,0,0
992,Sun,m2,121.863,0,1,0,0,0,0,0,0,0,0,0,0,0,0,0,0,1,0,0
993,Fri,f4,183.645,0,0,0,0,0,0,1,0,0,0,0,0,0,0,1,0,0,0,0
994,Mon,f3,63.9975,0,0,1,0,0,0,0,0,0,0,0,0,0,1,0,0,0,0,0
995,Tue,aj4,42.3675,0,0,0,1,0,0,0,0,0,0,1,0,0,0,0,0,0,0,0
996,Sat,m1,1022.49,1,0,0,0,0,0,0,0,0,0,0,0,0,0,0,1,0,0,0
997,Sat,f2,33.432,1,0,0,0,0,0,0,0,0,0,0,0,1,0,0,0,0,0,0
998,Fri,f4,69.111,0,0,0,0,0,0,1,0,0,0,0,0,0,0,1,0,0,0,0
999,Mon,f3,649.299,0,0,1,0,0,0,0,0,0,0,0,0,0,1,0,0,0,0,0
